,TA1,TA2,TA3,TA4,TA5,TA6,TA7
DATE-YMD,HSST= HadISST Temperature (C),HSST= HadISST Temperature (C),HSST= HadISST Temperature (C),HSST= HadISST Temperature (C),HSST= HadISST Temperature (C),HSST= HadISST Temperature (C),HSST= HadISST Temperature (C)
15/01/1900,10.659,2.807,23.783,-0.04,5.526,26.798,21.279
15/02/1900,10.447,2.168,24.736,0.979,5.228,27.54,22.207
15/03/1900,10.57,1.889,24.711,0.875,4.796,28.131,22.137
15/04/1900,10.865,2.056,24.197,-0.944,4.902,28.193,21.154
15/05/1900,11.393,2.347,22.968,-1.254,5.965,27.879,19.827
15/06/1900,12.328,4.117,21.912,-1.386,7.648,27.336,18.581
15/07/1900,14.173,6.105,20.81,-1.654,10.371,26.508,17.367
15/08/1900,15.015,7.322,19.977,-1.75,13.044,25.717,16.764
15/09/1900,14.503,6.701,20.206,-1.774,13.167,25.534,16.821
15/10/1900,13.033,5.057,20.203,-1.776,10.871,25.209,17.454
15/11/1900,11.725,3.301,21.462,-1.555,8.513,25.144,18.477
15/12/1900,10.934,3.074,22.709,-0.305,6.556,25.558,20.099
15/01/1901,10.015,2.934,24.403,-0.032,5.492,26.079,21.381
15/02/1901,10.464,2.029,24.751,0.976,5.541,26.414,22.617
15/03/1901,10.283,1.603,24.635,0.877,5.247,27.038,22.233
15/04/1901,10.437,1.632,24.083,-0.944,5.646,27.386,21.387
15/05/1901,11.102,2.198,22.877,-1.254,6.418,26.914,20.013
15/06/1901,12.339,3.818,21.858,-1.386,8.055,26.223,18.673
15/07/1901,14.172,6.403,20.614,-1.654,10.975,25.467,17.737
15/08/1901,15.377,7.154,20.079,-1.75,13.829,24.884,17.273
15/09/1901,14.199,6.762,19.848,-1.774,12.457,24.737,17.379
15/10/1901,12.979,4.971,20.076,-1.776,10.34,24.843,17.742
15/11/1901,11.942,3.268,21.135,-1.555,8.318,25.157,18.828
15/12/1901,11.282,3.069,22.587,-0.305,6.698,25.302,20.39
15/01/1902,10.096,1.932,24.221,-0.066,5.706,25.774,22.046
15/02/1902,10.14,1.576,25.049,0.981,5.044,26.471,22.58
15/03/1902,10.451,1.929,25.02,0.854,4.58,27.296,22.3
15/04/1902,10.405,1.292,24.156,-0.944,4.972,27.874,21.432
15/05/1902,11.422,2.059,22.857,-1.254,6.399,27.583,19.941
15/06/1902,13.029,3.594,21.909,-1.386,7.934,27.442,18.451
15/07/1902,14.178,5.954,20.651,-1.654,10.789,27.153,17.556
15/08/1902,15.285,6.152,20.09,-1.75,13.094,26.384,16.756
15/09/1902,14.939,6.245,19.767,-1.774,12.826,26.163,17.017
15/10/1902,13.696,4.943,20.398,-1.776,10.288,26.472,17.228
15/11/1902,11.74,3.072,21.014,-1.555,8.523,26.578,18.617
15/12/1902,10.909,3.186,22.646,-0.304,6.809,26.303,19.955
15/01/1903,10.12,2.557,23.701,-0.043,5.776,26.479,21.532
15/02/1903,9.955,2.423,24.581,0.962,5.476,26.663,22.273
15/03/1903,9.116,2.115,24.585,0.845,4.941,27.455,22.156
15/04/1903,9.858,1.638,24.128,-0.944,5.433,27.471,21.251
15/05/1903,10.3,1.922,22.791,-1.254,5.751,27.082,20.076
15/06/1903,12.117,3.399,21.684,-1.386,7.919,26.626,18.844
15/07/1903,13.867,5.304,20.753,-1.654,10.506,25.598,17.832
15/08/1903,14.247,5.818,19.785,-1.75,13.042,24.771,17.165
15/09/1903,13.513,5.772,19.817,-1.774,12.595,24.604,16.849
15/10/1903,12.075,4.695,19.913,-1.776,10.733,24.506,17.787
15/11/1903,11.343,3.25,20.892,-1.555,8.92,24.578,18.978
15/12/1903,10.417,2.523,22.096,-0.304,6.747,24.308,20.411
15/01/1904,9.825,2.165,23.058,-0.028,5.813,25.171,21.99
15/02/1904,9.206,1.895,24.387,0.988,5.463,25.845,22.276
15/03/1904,9.377,1.835,24.18,0.881,5.704,26.459,22.094
15/04/1904,9.503,1.986,23.74,-0.944,5.742,27.003,21.144
15/05/1904,10.472,2.242,22.625,-1.254,6.31,27.082,19.941
15/06/1904,11.189,4.993,21.492,-1.386,7.387,26.713,18.676
15/07/1904,13.309,6.549,20.402,-1.654,9.942,26.451,17.67
15/08/1904,14.159,7.27,19.714,-1.75,12.529,25.933,17.13
15/09/1904,13.142,6.269,19.76,-1.774,12.78,25.332,17.263
15/10/1904,12.468,4.461,19.93,-1.776,10.581,25.891,17.576
15/11/1904,11.919,2.896,21.02,-1.555,8.383,25.795,18.699
15/12/1904,10.805,3.09,22.655,-0.305,6.431,25.982,20.032
15/01/1905,10.089,2.421,23.941,-0.054,5.764,26.329,21.339
15/02/1905,10.284,2.698,24.798,0.976,4.597,26.837,21.898
15/03/1905,9.534,2.115,24.322,0.862,4.703,27.982,22.038
15/04/1905,10.273,2.383,23.472,-0.945,5.281,27.744,21.225
15/05/1905,11.113,2.219,22.873,-1.254,6.129,28.311,19.721
15/06/1905,11.921,4.253,21.659,-1.386,7.165,27.333,18.675
15/07/1905,13.858,5.879,20.782,-1.654,10.488,26.536,17.422
15/08/1905,14.112,6.041,20.267,-1.75,12.699,26.429,16.951
15/09/1905,13.928,5.772,19.995,-1.774,13.53,26.274,16.838
15/10/1905,13.488,4.409,20.304,-1.776,10.997,25.903,17.187
15/11/1905,11.744,3.433,21.185,-1.555,8.519,26.247,18.417
15/12/1905,10.492,3.349,22.683,-0.304,6.592,25.948,19.942
15/01/1906,9.924,2.667,23.708,-0.047,5.515,26.466,21.241
15/02/1906,9.893,2.569,24.757,0.961,4.62,26.885,22.032
15/03/1906,9.89,2.437,24.493,0.856,4.613,27.34,21.605
15/04/1906,10.47,1.852,24.074,-0.944,5.277,27.859,20.888
15/05/1906,11.16,1.414,22.713,-1.254,6.011,27.208,19.474
15/06/1906,13.003,3.255,21.653,-1.386,7.821,26.63,18.496
15/07/1906,14.72,4.401,20.524,-1.654,10.933,25.144,17.781
15/08/1906,14.476,5.009,19.911,-1.75,13.555,24.474,17.343
15/09/1906,14.347,5.929,20.237,-1.774,13.123,24.412,17.149
15/10/1906,12.63,4.628,19.929,-1.776,10.822,24.519,17.799
15/11/1906,11.82,3.191,20.948,-1.555,7.964,24.774,18.723
15/12/1906,11.259,2.533,22.439,-0.304,7.046,24.78,20.348
15/01/1907,10.763,2.112,23.716,-0.026,6.131,25.079,21.685
15/02/1907,10.536,2.026,24.482,0.991,5.386,25.868,22.27
15/03/1907,10.49,1.965,24.655,0.902,5.85,26.745,22.065
15/04/1907,10.778,1.896,24.148,-0.944,6.046,27.163,21.083
15/05/1907,11.203,2.213,22.734,-1.254,6.644,26.761,19.804
15/06/1907,12.333,3.283,21.552,-1.386,8.515,26.409,19.101
15/07/1907,14.279,4.961,20.35,-1.654,10.694,25.231,17.683
15/08/1907,15.084,5.648,19.957,-1.75,13.853,24.373,17.158
15/09/1907,15.094,5.185,19.928,-1.774,13.193,25.223,16.941
15/10/1907,13.261,4.082,19.791,-1.776,10.476,24.665,17.549
15/11/1907,11.676,2.933,21.247,-1.555,7.905,24.89,18.547
15/12/1907,10.659,3.014,22.321,-0.304,6.145,25.117,20.37
15/01/1908,10.295,2.402,23.536,-0.044,5.087,25.453,21.513
15/02/1908,10.537,1.468,24.298,0.971,5.29,26.474,22.19
15/03/1908,10.068,1.726,24.148,0.857,5.176,26.946,22.401
15/04/1908,10.268,2.149,23.705,-0.945,5.4,26.998,21.076
15/05/1908,11.294,2.185,22.542,-1.254,6.187,26.605,19.99
15/06/1908,12.835,3.798,21.394,-1.386,7.79,26.432,18.859
15/07/1908,14.63,6.141,20.223,-1.654,10.198,25.162,18.037
15/08/1908,15.876,6.74,19.946,-1.75,13.487,24.82,17.261
15/09/1908,14.691,6.146,19.803,-1.774,12.737,24.62,17.082
15/10/1908,12.831,5.257,19.741,-1.776,10.737,24.696,17.898
15/11/1908,11.957,3.504,20.817,-1.555,8.305,24.548,18.888
15/12/1908,10.863,3.605,22.222,-0.304,6.882,24.259,20.502
15/01/1909,10.443,2.391,23.798,-0.034,5.712,25.539,21.498
15/02/1909,10.425,2.577,24.728,0.972,4.916,25.571,22.375
15/03/1909,10.489,2.121,24.741,0.845,5.101,26.901,22.258
15/04/1909,10.605,2.141,23.976,-0.944,5.301,26.879,21.318
15/05/1909,11.454,2.024,22.694,-1.254,6.125,26.762,19.813
15/06/1909,13.076,4.421,21.39,-1.386,7.924,25.474,18.676
15/07/1909,15.227,5.598,20.327,-1.654,11.034,24.934,17.858
15/08/1909,16.637,6.699,19.533,-1.75,13.535,24.164,17.322
15/09/1909,15.978,5.739,19.528,-1.774,13.664,24.132,17.419
15/10/1909,13.442,4.303,19.627,-1.776,10.917,23.981,17.988
15/11/1909,12.329,2.838,21.066,-1.555,8.613,23.881,18.967
15/12/1909,11.722,2.366,22.213,-0.305,7.293,24.381,20.189
15/01/1910,10.758,1.607,23.603,-0.034,6.478,24.774,21.823
15/02/1910,10.242,1.615,24.405,0.987,5.412,25.888,22.36
15/03/1910,10.212,2.112,24.459,0.883,5.042,26.5,22.167
15/04/1910,10.456,1.777,24.056,-0.944,5.444,26.814,21.276
15/05/1910,11.715,2.277,22.921,-1.254,6.653,26.191,20.374
15/06/1910,13.16,3.612,21.747,-1.386,7.987,25.831,19.007
15/07/1910,14.79,5.744,20.621,-1.654,10.636,25.254,17.924
15/08/1910,15.209,7.086,19.673,-1.75,13.586,24.669,17.639
15/09/1910,15.224,6.042,19.73,-1.774,13.556,24.324,17.557
15/10/1910,13.644,4.392,19.707,-1.776,11.076,24.367,17.794
15/11/1910,12.439,2.554,20.818,-1.555,9.146,24.856,18.797
15/12/1910,11.244,2.519,22.169,-0.305,7.163,24.766,20.38
15/01/1911,10.525,2.084,23.539,-0.034,5.913,25.12,21.584
15/02/1911,10.395,1.876,24.557,0.981,5.66,25.723,22.307
15/03/1911,10.254,1.634,24.681,0.852,4.905,26.599,22.23
15/04/1911,10.701,1.267,23.943,-0.944,5.251,26.771,21.359
15/05/1911,11.253,0.609,22.551,-1.254,6.175,26.145,20.021
15/06/1911,12.575,2.464,21.135,-1.386,7.735,26.012,18.917
15/07/1911,15.179,4.829,20.42,-1.654,10.455,25.83,17.746
15/08/1911,15.546,6.106,19.907,-1.75,13.045,25.491,17.139
15/09/1911,15.026,5.959,19.968,-1.774,13.514,25.829,17.405
15/10/1911,13.723,4.593,20.33,-1.776,10.666,25.549,17.472
15/11/1911,11.554,3.009,21.503,-1.555,9.017,25.971,18.614
15/12/1911,10.287,2.838,23.351,-0.304,6.93,26.599,20.046
15/01/1912,9.66,2.789,24.152,-0.04,5.636,26.95,21.561
15/02/1912,9.724,2.531,24.71,0.964,5.268,27.074,22.348
15/03/1912,9.234,2.671,24.726,0.892,4.917,27.644,22.3
15/04/1912,9.773,2.611,24.351,-0.944,4.824,28.044,21.087
15/05/1912,10.933,2.641,22.679,-1.254,6.004,27.411,20.045
15/06/1912,12.1,3.986,21.647,-1.386,7.356,26.519,18.804
15/07/1912,13.268,5.842,20.882,-1.654,10.094,25.549,17.35
15/08/1912,14.001,6.302,20.293,-1.75,12.884,24.919,17.044
15/09/1912,14.296,5.465,19.966,-1.774,12.595,25.29,17.048
15/10/1912,12.536,4.752,19.765,-1.776,10.421,24.943,17.693
15/11/1912,11.762,3.542,21.629,-1.555,7.992,25.197,18.658
15/12/1912,10.354,3.163,22.729,-0.304,7.089,24.978,20.162
15/01/1913,9.549,3.039,24.421,-0.035,5.789,25.628,21.051
15/02/1913,9.167,2.543,24.782,0.989,4.95,26.536,22.003
15/03/1913,8.841,2.554,24.792,0.887,5.135,27.006,21.975
15/04/1913,9.285,2.426,24.016,-0.944,5.297,26.496,21.496
15/05/1913,10.266,2.783,23.016,-1.254,6.407,26.795,20.185
15/06/1913,11.27,4.035,21.51,-1.386,7.9,26.326,18.8
15/07/1913,14.357,6.026,20.514,-1.654,10.775,25.78,17.636
15/08/1913,15.532,6.39,20.135,-1.75,13.314,25.273,17.277
15/09/1913,14.662,5.354,20.165,-1.774,13.279,25.212,17.263
15/10/1913,12.403,4.38,20.449,-1.776,10.503,25.424,17.89
15/11/1913,10.776,2.565,21.234,-1.555,8.502,25.868,18.723
15/12/1913,10.358,2.672,22.35,-0.304,6.727,26.02,20.202
15/01/1914,9.876,2.065,23.84,-0.038,5.528,26.327,21.531
15/02/1914,8.804,2.243,25.07,0.986,5.132,26.931,21.99
15/03/1914,9.204,2.192,24.963,0.867,4.913,27.462,22.203
15/04/1914,9.373,2.269,23.927,-0.944,5.221,27.895,21.209
15/05/1914,10.888,2.093,22.498,-1.254,6.287,27.113,20.191
15/06/1914,12.911,3.186,21.631,-1.386,8.073,26.476,18.808
15/07/1914,14.053,5.563,21.124,-1.654,11.766,26.283,17.599
15/08/1914,14.657,6.961,20.436,-1.75,13.673,26.043,16.784
15/09/1914,14.543,5.766,20.256,-1.774,13.335,26.037,17.01
15/10/1914,13.185,4.391,20.403,-1.776,11.329,25.681,18.077
15/11/1914,11.589,3.191,21.505,-1.555,8.966,25.728,18.729
15/12/1914,10.44,3.191,22.546,-0.304,7.154,25.954,20.115
15/01/1915,9.838,2.552,23.665,-0.034,5.786,26.321,21.506
15/02/1915,9.597,2.39,24.71,0.971,5.222,26.78,22.283
15/03/1915,9.983,2.165,24.781,0.869,4.751,27.597,22.025
15/04/1915,10.849,2.329,24.118,-0.944,4.993,28.142,21.164
15/05/1915,11.943,2.374,22.797,-1.254,6.149,27.946,20.01
15/06/1915,13.127,2.787,21.817,-1.386,8.334,27.825,18.721
15/07/1915,14.763,4.349,20.632,-1.654,11.018,26.05,17.78
15/08/1915,15.592,6.218,20.018,-1.75,13.858,25.326,17.261
15/09/1915,14.887,6.203,19.976,-1.774,13.233,25.231,17.174
15/10/1915,13.351,4.824,19.962,-1.776,10.853,25.031,17.641
15/11/1915,12.022,3.39,20.889,-1.555,8.19,24.793,18.58
15/12/1915,11.194,3.035,22.187,-0.304,6.605,24.61,20.195
15/01/1916,10.224,2.445,23.556,-0.023,5.688,25.197,21.77
15/02/1916,9.922,2.181,24.888,0.995,5.383,25.549,22.313
15/03/1916,10.03,1.907,24.626,0.887,5.264,26.476,22.168
15/04/1916,10.547,2.162,23.867,-0.944,5.466,26.832,21.457
15/05/1916,11.446,2.493,22.597,-1.254,6.308,26.575,20.033
15/06/1916,12.892,3.523,21.628,-1.386,7.831,25.847,18.845
15/07/1916,14.943,5.06,20.407,-1.654,10.604,24.513,17.914
15/08/1916,15.751,6.796,19.853,-1.75,13.095,23.791,17.424
15/09/1916,15.077,6.378,19.869,-1.774,12.958,23.821,17.52
15/10/1916,13.25,5.322,20.067,-1.776,10.761,23.782,18.113
15/11/1916,11.785,3.868,20.733,-1.555,8.425,23.586,19.102
15/12/1916,11.078,2.999,22.208,-0.304,7.125,23.845,20.426
15/01/1917,10.563,2.1,23.313,-0.024,6.182,24.287,21.818
15/02/1917,10.207,1.715,24.253,0.995,5.734,24.947,22.232
15/03/1917,10.057,1.935,24.636,0.895,5.624,26.204,22.029
15/04/1917,10.938,2.101,23.83,-0.944,5.954,27.144,21.204
15/05/1917,11.87,2.37,22.478,-1.254,6.996,27.073,19.854
15/06/1917,12.759,3.966,21.39,-1.386,8.644,26.575,18.742
15/07/1917,14.622,5.922,20.295,-1.654,11.285,25.974,17.983
15/08/1917,15.322,6.861,19.933,-1.75,13.746,25.351,17.486
15/09/1917,14.613,6.028,20.137,-1.774,13.631,25.093,17.442
15/10/1917,13.029,4.821,20.129,-1.776,11.283,24.902,17.902
15/11/1917,11.963,2.802,21.218,-1.555,8.952,24.761,18.761
15/12/1917,12.016,2.518,22.326,-0.304,7.639,24.345,20.417
15/01/1918,11.17,1.491,23.146,-0.026,6.507,24.746,21.749
15/02/1918,10.928,1.822,24.308,0.988,6.185,25.576,22.363
15/03/1918,10.136,1.752,24.518,0.901,6.079,26.599,22.191
15/04/1918,10.645,2.437,23.854,-0.944,6.019,27.247,21.493
15/05/1918,11.309,1.991,22.596,-1.254,7.375,27.383,20.353
15/06/1918,12.518,3.142,21.679,-1.386,9.152,27.243,18.816
15/07/1918,14.318,4.77,20.342,-1.654,11.888,26.427,17.985
15/08/1918,15.348,5.326,19.565,-1.75,14.053,25.814,17.348
15/09/1918,14.619,5.04,19.729,-1.774,13.313,25.75,17.317
15/10/1918,12.984,3.806,20.324,-1.776,10.316,26.039,17.81
15/11/1918,11.798,2.932,21.414,-1.555,8.078,26.343,18.743
15/12/1918,10.85,2.843,22.572,-0.304,6.496,26.382,20.112
15/01/1919,10.302,2.313,23.607,-0.023,5.169,26.808,21.42
15/02/1919,9.995,2.049,24.533,0.995,4.876,27.18,22.139
15/03/1919,10.062,1.924,24.508,0.896,5.063,27.706,22.16
15/04/1919,10.211,1.946,24.028,-0.944,4.986,28.084,21.429
15/05/1919,10.995,2.035,22.934,-1.254,6.262,28.006,19.932
15/06/1919,12.425,4.138,21.746,-1.386,8.089,27.188,18.661
15/07/1919,14.893,5.711,20.398,-1.654,11.075,26.195,17.768
15/08/1919,15.985,6.588,19.764,-1.75,13.986,25.681,17.229
15/09/1919,15.146,5.405,19.784,-1.774,13.483,25.552,17.186
15/10/1919,13.662,4.263,20.038,-1.776,10.905,25.14,17.503
15/11/1919,12.376,2.821,21.263,-1.555,8.522,24.789,18.412
15/12/1919,11.019,2.879,22.51,-0.304,6.899,25.389,20.016
15/01/1920,10.037,2.322,23.729,-0.034,5.9,26.277,21.283
15/02/1920,9.52,1.983,24.71,0.979,5.507,26.918,22.147
15/03/1920,9.462,1.871,24.779,0.88,5.924,27.653,22.097
15/04/1920,9.93,2.192,24.058,-0.944,6.393,27.804,21.496
15/05/1920,10.823,2.536,22.598,-1.254,7.068,27.475,20.416
15/06/1920,12.037,3.923,21.468,-1.386,8.76,26.717,18.9
15/07/1920,13.256,6.041,20.002,-1.654,11.272,25.41,17.558
15/08/1920,14.885,6.86,20.135,-1.75,13.927,25.192,17.208
15/09/1920,14.27,5.901,19.957,-1.774,13.593,25.141,17.366
15/10/1920,12.621,4.61,19.983,-1.776,11.597,24.897,17.979
15/11/1920,11.162,3.531,21.388,-1.555,8.678,25.048,18.96
15/12/1920,10.329,3.068,22.797,-0.304,6.862,25.341,20.358
15/01/1921,9.638,2.108,24.173,-0.025,5.422,25.783,21.773
15/02/1921,9.408,2.093,25.32,0.999,5.194,26.291,22.276
15/03/1921,9.176,2.117,24.951,0.908,5.357,26.326,22.538
15/04/1921,9.599,2.267,24.209,-0.944,5.594,27.062,21.327
15/05/1921,10.537,2.21,22.884,-1.254,7.008,26.565,19.986
15/06/1921,13.197,2.923,21.475,-1.386,8.639,26.414,18.662
15/07/1921,15.197,4.628,20.562,-1.654,11.764,25.684,17.658
15/08/1921,15.168,5.546,19.943,-1.75,14.593,24.696,17.08
15/09/1921,14.363,5.108,19.884,-1.774,13.424,24.821,17.149
15/10/1921,13.43,4.04,19.916,-1.776,10.572,25.088,17.767
15/11/1921,12.104,2.479,20.67,-1.555,8.412,24.615,19.057
15/12/1921,11.197,2.768,21.823,-0.304,6.521,24.622,20.627
15/01/1922,10.089,1.942,23.506,0.069,5.894,25.117,21.953
15/02/1922,9.929,1.636,24.601,1.015,5.631,26.386,22.577
15/03/1922,9.332,2.108,24.577,0.882,5.42,27.064,22.351
15/04/1922,9.884,1.633,23.969,-0.944,5.788,27.294,21.405
15/05/1922,10.708,1.938,22.528,-1.254,6.441,27.135,19.934
15/06/1922,12.07,3.328,21.128,-1.386,8.221,25.976,18.935
15/07/1922,13.393,5.499,20.094,-1.654,11.59,25.112,18.251
15/08/1922,14.547,6.968,20.044,-1.75,13.937,24.195,17.467
15/09/1922,14.417,5.719,19.996,-1.774,14.048,24.368,17.11
15/10/1922,12.958,4.619,19.878,-1.776,10.885,24.715,17.736
15/11/1922,12.345,2.712,20.744,-1.555,8.977,24.393,18.784
15/12/1922,11.041,2.988,22.329,-0.304,7.194,24.626,20.221
15/01/1923,10.434,2.136,23.715,-0.024,6.345,25.298,21.633
15/02/1923,9.738,2.269,24.181,0.994,5.526,25.865,22.604
15/03/1923,9.455,2.475,24.435,0.896,5.641,26.374,22.479
15/04/1923,9.431,2.645,23.748,-0.944,5.764,27.225,21.745
15/05/1923,11.182,2.339,22.517,-1.254,6.668,27.137,19.736
15/06/1923,13.116,3.408,21.256,-1.386,8.064,26.505,19.1
15/07/1923,15.039,5.417,20.237,-1.654,10.813,25.985,17.944
15/08/1923,14.975,6.14,19.59,-1.75,13.575,25.258,16.82
15/09/1923,14.245,5.6,19.69,-1.774,13.315,25.528,16.984
15/10/1923,13.086,4.442,19.678,-1.776,10.079,25.374,17.611
15/11/1923,11.949,2.83,21.469,-1.555,8.221,25.529,18.551
15/12/1923,11.365,2.954,23.085,-0.304,6.768,25.706,19.877
15/01/1924,10.255,3.328,24.459,-0.021,5.614,25.467,21.091
15/02/1924,10.175,2.41,25.221,0.958,4.86,26.382,21.813
15/03/1924,10.253,2.641,25.014,0.841,4.892,27.095,22.06
15/04/1924,10.775,2.16,24.558,-0.945,4.876,27.414,21.058
15/05/1924,11.29,2.725,22.813,-1.254,5.975,26.465,19.789
15/06/1924,12.465,4.51,21.343,-1.386,7.54,25.829,18.642
15/07/1924,13.816,6.087,20.675,-1.654,10.838,25.054,18.029
15/08/1924,15.124,6.845,20.036,-1.75,13.48,24.558,17.406
15/09/1924,14.458,5.389,19.46,-1.774,13.085,24.35,17.472
15/10/1924,13.151,4.289,19.931,-1.776,11.009,24.709,17.682
15/11/1924,11.882,3.116,20.784,-1.555,8.224,24.452,18.69
15/12/1924,10.955,3.593,22.093,-0.304,6.936,24.491,19.854
15/01/1925,9.891,2.857,23.586,-0.035,5.816,24.904,21.433
15/02/1925,9.439,2.272,24.593,0.991,5.345,26.349,22.382
15/03/1925,9.738,2.09,24.707,0.889,5.564,27.201,22.259
15/04/1925,10.198,2.41,23.975,-0.945,5.219,27.526,21.581
15/05/1925,11.042,3.035,23.031,-1.254,6.401,27.215,20.334
15/06/1925,12.447,4.918,21.44,-1.386,8.356,26.858,18.886
15/07/1925,14.548,6.565,20.236,-1.654,11.192,26.455,18.044
15/08/1925,15.131,6.977,20.137,-1.75,13.533,25.948,17.48
15/09/1925,15.159,5.456,19.567,-1.774,13.659,25.781,17.045
15/10/1925,13.935,4.057,19.85,-1.776,10.876,25.787,17.577
15/11/1925,11.903,3.298,21.096,-1.555,8.289,25.842,18.586
15/12/1925,11.312,3.098,22.386,-0.304,6.773,26.444,19.986
15/01/1926,10.527,2.725,23.666,-0.048,5.483,26.756,21.522
15/02/1926,10.05,2.192,24.254,0.947,5.449,27.243,22.505
15/03/1926,10.013,2.028,24.93,0.863,4.975,28.243,22.171
15/04/1926,10.18,2.626,24.438,-0.945,5.519,28.546,21.165
15/05/1926,11.277,3.184,22.931,-1.254,6.253,28.045,19.919
15/06/1926,12.357,4.795,21.636,-1.386,7.619,27.128,18.936
15/07/1926,14.335,6.78,20.978,-1.654,10.79,26.478,17.471
15/08/1926,15.036,6.415,19.997,-1.75,13.725,25.368,17.478
15/09/1926,14.477,5.703,19.935,-1.774,13.401,25.012,17.279
15/10/1926,13.757,4.196,20.065,-1.776,11.01,25.064,17.942
15/11/1926,11.554,2.913,21.079,-1.555,8.193,25.04,18.467
15/12/1926,11.176,2.946,22.583,-0.304,6.684,25.295,20.224
15/01/1927,10.763,2.154,23.847,-0.045,5.423,25.698,21.896
15/02/1927,9.965,2.523,24.844,0.982,4.987,26.733,22.362
15/03/1927,9.85,1.953,24.604,0.866,4.855,27.06,22.278
15/04/1927,10.36,2.149,23.819,-0.944,5.497,27.418,21.619
15/05/1927,11.721,2.649,22.301,-1.254,6.606,26.873,20.133
15/06/1927,13.148,4.215,21.363,-1.386,8.077,26.429,18.755
15/07/1927,14.358,7.05,20.489,-1.654,10.935,25.426,18.011
15/08/1927,14.939,7.354,19.949,-1.75,14.063,25.068,17.741
15/09/1927,14.566,6.479,20.004,-1.774,13.457,25.215,17.463
15/10/1927,13.499,4.999,20.128,-1.776,11.07,25.227,17.515
15/11/1927,12.088,3.181,21.486,-1.555,8.213,25.181,18.619
15/12/1927,10.976,2.886,22.356,-0.304,7.399,25.216,19.933
15/01/1928,10.334,2.064,23.66,0.054,5.982,25.77,21.421
15/02/1928,9.69,2.014,24.8,0.966,5.009,26.451,22.116
15/03/1928,9.73,2.254,25.029,0.873,4.962,27.204,22.146
15/04/1928,9.716,2.574,24.1,-0.944,5.071,27.403,21.367
15/05/1928,11.417,2.643,22.779,-1.254,6.155,27.116,20.013
15/06/1928,12.877,4.349,21.687,-1.386,7.331,26.151,18.768
15/07/1928,14.55,5.901,20.571,-1.654,10.373,25.574,17.92
15/08/1928,15.012,6.244,20.065,-1.75,13.312,24.988,17.28
15/09/1928,14.075,6.636,20.065,-1.774,13.234,24.965,17.311
15/10/1928,12.911,4.95,20.193,-1.776,11.139,24.846,17.664
15/11/1928,11.406,3.741,21.162,-1.555,8.12,24.831,18.617
15/12/1928,10.737,3.468,22.225,-0.305,6.518,25.042,20.206
15/01/1929,10.254,2.515,23.81,-0.041,5.622,25.359,21.494
15/02/1929,10.029,2.575,24.783,0.984,5.576,26.323,22.651
15/03/1929,10.177,2.514,24.75,0.883,5.039,27.153,22.206
15/04/1929,10.539,2.647,24.145,-0.945,5.791,27.81,21.186
15/05/1929,11.082,2.576,22.247,-1.254,6.385,27.337,20.148
15/06/1929,11.968,4.483,21.101,-1.386,8.211,26.669,18.878
15/07/1929,14.11,6.272,20.21,-1.654,10.855,25.708,18.021
15/08/1929,15.558,5.553,19.982,-1.75,13.818,25.227,17.404
15/09/1929,14.773,5.41,19.455,-1.774,13.073,25.461,17.152
15/10/1929,13.327,4.576,20.117,-1.776,10.691,25.304,17.678
15/11/1929,11.666,3.337,21.156,-1.555,8.408,25.282,18.99
15/12/1929,10.125,2.831,22.416,-0.304,6.3,25.59,20.059
15/01/1930,9.23,2.751,23.878,-0.042,5.69,25.661,21.55
15/02/1930,9.166,2.461,24.579,0.974,4.985,26.352,22.282
15/03/1930,9.476,2.199,24.699,0.877,5.209,27.237,21.862
15/04/1930,10.033,2.573,24.257,-0.944,5.637,27.842,20.963
15/05/1930,10.888,2.691,22.836,-1.254,6.712,27.207,20.007
15/06/1930,12.178,3.874,21.208,-1.386,8.063,26.707,18.982
15/07/1930,14.249,6.193,20.655,-1.654,11.234,26.487,17.804
15/08/1930,15.037,6.711,20.17,-1.75,13.524,26.068,17.308
15/09/1930,14.667,6.207,19.633,-1.774,13.772,26.177,17.07
15/10/1930,13.273,4.258,20.082,-1.776,11.124,26.345,17.581
15/11/1930,12.313,2.432,20.927,-1.555,8.829,26.636,18.352
15/12/1930,10.966,2.83,22.688,-0.305,6.631,26.561,20.022
15/01/1931,10.534,2.308,23.992,-0.039,5.162,27.001,21.476
15/02/1931,10.45,1.898,24.733,0.924,4.637,27.45,21.938
15/03/1931,10.485,1.544,25.219,0.867,4.398,28.219,21.641
15/04/1931,10.967,2.177,24.5,-0.945,5.001,28.433,20.865
15/05/1931,11.446,3.126,23.235,-1.254,5.56,27.659,19.799
15/06/1931,12.899,4.056,21.8,-1.386,7.578,26.744,18.655
15/07/1931,14.694,5.743,20.533,-1.654,10.275,26.16,18.151
15/08/1931,15.684,6.633,20.063,-1.75,13.171,25.104,17.322
15/09/1931,15.624,6.663,19.865,-1.774,12.819,24.782,17.361
15/10/1931,14.212,5.137,20.228,-1.776,10.632,25.146,17.837
15/11/1931,12.113,3.372,21.088,-1.555,8.142,24.879,18.51
15/12/1931,11.281,3.543,22.745,-0.304,6.877,25.002,20.033
15/01/1932,10.469,2.843,23.858,-0.045,5.443,25.55,21.477
15/02/1932,10.613,2.682,24.964,0.974,5.175,26.504,22.305
15/03/1932,10.659,2.301,24.96,0.886,5.24,27.557,21.957
15/04/1932,10.964,1.973,23.89,-0.944,5.092,27.866,21.081
15/05/1932,11.749,2.594,23.193,-1.254,6.556,27.815,19.694
15/06/1932,13.256,4.483,21.652,-1.386,8.026,27.02,18.671
15/07/1932,14.788,5.353,20.905,-1.654,10.686,25.979,17.699
15/08/1932,16.425,7.003,20.279,-1.75,13.304,25.425,17.309
15/09/1932,15.688,5.902,20.036,-1.774,13.025,25.197,17.203
15/10/1932,14.11,4.93,20.235,-1.776,10.603,25.092,17.633
15/11/1932,12.375,3.715,21.479,-1.555,8.647,25.002,18.565
15/12/1932,11.06,3.356,22.634,-0.304,6.998,24.979,20.234
15/01/1933,10.183,3.206,24.3,0.022,5.809,25.536,21.394
15/02/1933,10.635,2.198,25.059,1.02,5.464,26.429,22.257
15/03/1933,10.25,2.088,24.703,0.832,5.173,27.173,22.036
15/04/1933,10.908,2.385,23.905,-0.944,5.404,27.635,21.195
15/05/1933,11.397,3.237,22.68,-1.254,6.198,26.891,20.185
15/06/1933,13.031,4.815,21.495,-1.386,8.694,25.96,19.191
15/07/1933,14.696,7.286,20.307,-1.654,11.459,25.217,18.072
15/08/1933,15.58,7.685,20.174,-1.75,13.545,24.544,17.667
15/09/1933,15.195,7.052,19.778,-1.774,13.375,24.522,17.404
15/10/1933,13.903,5.224,20.059,-1.776,10.616,24.291,17.908
15/11/1933,12.574,3.495,20.788,-1.555,8.439,24.323,19.12
15/12/1933,11.166,3.66,22.683,-0.305,6.823,24.333,20.31
15/01/1934,10.074,2.528,24.046,0.006,6.072,25.227,22.006
15/02/1934,10.341,2.287,24.632,1.088,5.366,25.902,22.227
15/03/1934,9.911,1.993,24.919,0.853,5.353,26.788,22.079
15/04/1934,10.232,2.308,24.687,-0.945,5.585,27.669,21.266
15/05/1934,11.105,2.339,23.112,-1.254,6.341,26.972,20.037
15/06/1934,12.95,4.053,21.923,-1.386,8.364,26.457,18.949
15/07/1934,14.732,6.267,20.857,-1.654,11.162,25.403,18.073
15/08/1934,15.563,6.528,19.895,-1.75,13.557,25.109,17.542
15/09/1934,14.129,6.256,19.907,-1.774,13.418,25.179,17.343
15/10/1934,13.029,5.128,20.177,-1.776,10.039,24.978,17.718
15/11/1934,12.174,3.213,21.53,-1.555,8.206,25.259,18.407
15/12/1934,10.875,3.431,22.681,-0.304,6.339,24.858,20.067
15/01/1935,10.773,2.971,24.393,0.031,5.589,25.227,21.666
15/02/1935,9.978,2.355,24.918,1.224,5.501,25.826,22.344
15/03/1935,9.897,2.177,25.22,0.835,5.351,27.017,22.287
15/04/1935,10.726,2.649,24.403,-0.944,5.494,27.637,21.473
15/05/1935,11.823,3.177,22.832,-1.254,6.342,27.086,20.131
15/06/1935,12.259,3.816,21.713,-1.386,8.022,26.124,18.741
15/07/1935,13.86,6.011,20.761,-1.654,10.856,25.153,17.899
15/08/1935,15.64,6.477,20.087,-1.75,13.889,25.217,17.564
15/09/1935,14.357,6.819,20.082,-1.774,13.487,25.317,17.135
15/10/1935,13.196,5.181,20.365,-1.776,11.198,25.117,17.624
15/11/1935,11.664,3.622,21.252,-1.555,9.355,25.458,18.858
15/12/1935,11.23,3.524,22.655,-0.304,7.101,25.349,20.592
15/01/1936,10.413,2.25,23.932,0.004,5.694,26.067,21.556
15/02/1936,10.649,1.865,24.799,1.096,5.491,26.807,22.221
15/03/1936,10.438,2.021,24.561,0.822,5.288,27.203,22.09
15/04/1936,10.833,2.375,24.027,-0.944,5.973,27.795,20.952
15/05/1936,11.219,3.346,22.888,-1.254,6.467,27.065,20.078
15/06/1936,13.261,4.12,21.834,-1.386,8.444,26.105,19.013
15/07/1936,14.555,6.697,20.911,-1.654,11.26,25.722,17.775
15/08/1936,16.069,7.358,19.873,-1.75,14.286,24.95,17.344
15/09/1936,15.654,6.905,19.932,-1.774,13.863,25.165,17.325
15/10/1936,13.967,5.365,20.05,-1.776,11.242,25.476,17.701
15/11/1936,11.889,3.746,21.182,-1.555,8.459,25.33,18.556
15/12/1936,11.09,3.494,22.561,-0.304,7.064,25.695,19.854
15/01/1937,10.086,2.999,24.305,0.066,6.403,25.657,21.598
15/02/1937,10.154,2.2,25.231,1.473,5.759,26.673,22.175
15/03/1937,10.05,2.107,25.364,0.77,5.515,27.149,21.953
15/04/1937,10.581,2.316,24.386,-0.944,5.898,27.824,21.193
15/05/1937,11.006,3.091,23.061,-1.254,6.68,26.774,19.986
15/06/1937,13.078,4.436,21.697,-1.386,7.719,26.256,18.688
15/07/1937,15.26,6.323,21.053,-1.654,10.595,25.808,17.859
15/08/1937,15.693,6.362,20.391,-1.75,13.828,24.879,17.36
15/09/1937,15.244,5.207,20.096,-1.774,13.612,25.403,17.143
15/10/1937,13.556,4.542,20.142,-1.776,11.021,24.915,17.779
15/11/1937,12.204,3.333,21.282,-1.555,8.561,25.181,18.734
15/12/1937,11.605,2.749,22.485,-0.304,7.207,25.318,20.312
15/01/1938,10.698,2.528,23.916,0.018,6.321,25.462,21.681
15/02/1938,10.392,2.23,25.164,0.93,5.685,26.457,22.278
15/03/1938,10.418,2.433,25.138,0.892,5.347,27.058,22.362
15/04/1938,11.104,2.375,24.155,-0.944,5.636,27.228,21.477
15/05/1938,11.823,2.195,22.814,-1.254,6.642,26.992,20.383
15/06/1938,12.977,3.206,22.072,-1.386,8.146,25.566,18.684
15/07/1938,14.719,5.175,21.349,-1.654,11.167,24.523,17.757
15/08/1938,16.079,5.917,20.317,-1.75,14.298,24.346,17.489
15/09/1938,15.826,5.821,20.271,-1.774,13.139,24.608,17.525
15/10/1938,13.852,4.86,20.475,-1.776,10.319,24.606,17.746
15/11/1938,12.415,3.711,21.365,-1.555,8.184,24.529,18.655
15/12/1938,11.057,3.759,22.489,-0.304,6.542,24.419,20.288
15/01/1939,10.553,2.846,23.684,0.145,5.591,25.139,21.827
15/02/1939,10.256,2.93,24.914,1.084,5.495,25.757,22.499
15/03/1939,10.061,2.745,25.102,0.962,5.544,26.493,22.519
15/04/1939,10.499,3.076,24.352,-0.944,5.271,27.393,21.426
15/05/1939,11.402,3.429,23.148,-1.254,6.33,27.235,20.233
15/06/1939,13.206,5.04,22.374,-1.386,8.304,26.892,18.537
15/07/1939,15.059,6.683,21.192,-1.654,11.084,25.989,17.674
15/08/1939,15.853,7.956,20.533,-1.75,13.277,25.386,17.566
15/09/1939,14.343,7.078,19.906,-1.774,13.91,25.097,17.612
15/10/1939,13.103,4.93,20.465,-1.776,12.04,24.935,17.958
15/11/1939,11.529,3.825,21.778,-1.555,8.661,25.602,18.676
15/12/1939,10.932,3.717,22.526,-0.304,6.19,25.38,20.715
15/01/1940,10.483,3.073,24.435,0.02,5.415,26.643,21.491
15/02/1940,10.09,2.357,25.2,1.098,5.142,27.463,22.228
15/03/1940,10.03,2.626,25.053,0.9,5.186,28.187,22.104
15/04/1940,10.484,2.859,24.453,-0.76,5.694,28.399,21.45
15/05/1940,11.187,3.002,23.001,-1.079,6.379,27.587,20.071
15/06/1940,12.178,4.167,21.451,-1.275,7.942,26.948,18.817
15/07/1940,13.945,6.743,20.862,-1.63,10.714,25.816,18.054
15/08/1940,14.966,7.19,20.397,-1.744,12.788,25.782,17.549
15/09/1940,15.266,5.713,20.173,-1.774,12.682,25.345,17.45
15/10/1940,13.659,4.203,19.946,-1.776,10.29,25.306,17.849
15/11/1940,12.029,2.866,21.378,-1.552,8.129,25.455,18.606
15/12/1940,10.672,2.795,22.819,-0.307,6.588,26.203,19.997
15/01/1941,10.195,2.152,24.447,-0.023,5.566,26.81,21.496
15/02/1941,10.34,2.173,25.289,0.958,4.951,27.609,22.064
15/03/1941,10.432,2.373,24.99,0.869,4.763,28.503,21.982
15/04/1941,10.616,2.705,24.479,-0.627,5.007,28.846,21.15
15/05/1941,11.188,2.863,23.087,-0.947,5.963,28.414,20.099
15/06/1941,12.466,4.878,22.006,-1.186,7.697,27.179,18.769
15/07/1941,14.277,6.156,20.766,-1.608,10.086,26.262,17.519
15/08/1941,15.199,7.315,20.14,-1.738,12.143,25.87,16.821
15/09/1941,14.678,6.62,20.264,-1.772,12.461,25.772,16.745
15/10/1941,13.335,5.231,20.655,-1.775,10.87,26.019,17.302
15/11/1941,11.996,3.96,21.555,-1.55,8.637,26.308,18.637
15/12/1941,11.084,3.669,23.054,-0.304,7.028,26.516,20.415
15/01/1942,10.55,2.936,23.502,-0.017,5.383,26.217,21.564
15/02/1942,10.678,2.499,24.253,1.07,5.597,26.662,21.962
15/03/1942,10.225,2.813,24.75,0.908,4.97,27.313,21.69
15/04/1942,10.664,2.121,24.255,-0.534,5.548,27.741,20.895
15/05/1942,11.511,3.217,23.048,-0.857,6.077,27.19,19.665
15/06/1942,12.399,4.764,21.862,-1.12,7.756,25.95,18.792
15/07/1942,14.292,6.387,20.614,-1.588,11.133,24.95,17.639
15/08/1942,15.673,6.265,20.129,-1.733,13.963,24.176,17.024
15/09/1942,15.123,5.604,20.059,-1.772,13.886,24.127,17.365
15/10/1942,13.643,4.449,20.105,-1.775,11.608,23.923,17.973
15/11/1942,12.383,3.035,21.004,-1.548,9.363,23.93,18.862
15/12/1942,11.608,3.054,22.683,-0.311,7.677,24.429,20.414
15/01/1943,10.871,2.13,23.95,0.054,6.343,25.089,21.832
15/02/1943,10.33,1.94,24.6,1.157,5.671,25.722,22.578
15/03/1943,10.067,1.814,24.464,1.009,5.537,26.438,22.311
15/04/1943,10.133,2.244,23.77,-0.504,5.619,27.355,21.584
15/05/1943,10.614,2.969,22.891,-0.808,6.855,27.29,20.644
15/06/1943,11.811,4.593,21.853,-1.075,8.572,26.595,19.551
15/07/1943,13.84,6.564,20.764,-1.571,11.886,25.867,18.677
15/08/1943,14.85,7.083,20.282,-1.728,14.684,25.343,17.982
15/09/1943,13.877,6.208,19.735,-1.771,13.543,24.915,17.968
15/10/1943,13.038,4.661,19.683,-1.774,11.155,25.011,18.54
15/11/1943,11.915,3.535,21.4,-1.546,8.692,24.941,19.258
15/12/1943,11.12,2.974,22.44,-0.316,7.132,24.982,20.724
15/01/1944,10.63,2.288,23.453,0.119,5.795,25.29,21.829
15/02/1944,10.389,1.904,25.055,1.199,5.536,26.484,22.052
15/03/1944,10.966,1.984,25.478,1,5.869,27.165,22.456
15/04/1944,11.039,2.326,24.504,-0.502,6.143,27.823,21.633
15/05/1944,11.621,2.577,23.931,-0.786,6.725,27.42,20.26
15/06/1944,13.046,4.049,22.386,-1.044,8.434,26.808,19.19
15/07/1944,14.635,6.565,21.372,-1.556,11.184,26.087,18.435
15/08/1944,15.212,6.844,20.388,-1.723,13.798,25.359,17.636
15/09/1944,15.215,5.559,20.561,-1.77,13.665,25.148,17.741
15/10/1944,14.327,4.375,20.404,-1.774,12.076,24.925,18.205
15/11/1944,13.027,3.215,21.624,-1.544,9.37,24.784,19.091
15/12/1944,11.865,2.834,22.463,-0.322,7.957,24.825,20.825
15/01/1945,11.513,1.98,24.013,-0.015,7.016,25.337,21.741
15/02/1945,11.378,1.969,25.398,1.123,5.838,26.323,22.803
15/03/1945,10.822,1.94,25.382,0.98,6.211,26.573,22.546
15/04/1945,10.888,2.432,24.642,-0.468,6.588,27.25,21.481
15/05/1945,11.562,2.783,23.047,-0.77,7.244,27.428,20.046
15/06/1945,12.746,4.023,21.938,-1.022,8.567,26.515,19.074
15/07/1945,14.472,5.923,20.931,-1.543,11.128,25.744,18.068
15/08/1945,15.21,6.883,20.302,-1.718,13.632,25.015,17.69
15/09/1945,14.87,6.172,20.062,-1.769,13.625,24.974,17.74
15/10/1945,13.621,4.912,20.208,-1.773,11.458,24.793,18.349
15/11/1945,12.427,3.902,21.367,-1.541,9.651,25.143,19.264
15/12/1945,11.66,3.528,22.454,-0.329,8.219,24.887,20.546
15/01/1946,10.454,2.719,23.517,-0.011,6.733,25.046,21.846
15/02/1946,9.969,2.692,24.552,1.107,5.073,25.792,22.635
15/03/1946,10.021,2.354,24.158,0.952,5.215,26.695,22.438
15/04/1946,10.432,2.729,23.466,0.16,5.394,27.303,21.432
15/05/1946,11.133,2.839,22.054,-0.481,6.297,26.824,20.361
15/06/1946,12.283,4.746,21.486,-0.94,7.988,26.225,18.565
15/07/1946,13.759,6.259,20.726,-1.531,11.047,25.489,17.933
15/08/1946,14.85,6.545,19.944,-1.715,12.661,24.387,17.397
15/09/1946,14.158,6.95,20.045,-1.768,13.751,24.916,17.243
15/10/1946,12.847,5.448,20.37,-1.773,11.282,24.733,17.787
15/11/1946,11.596,3.791,21.643,-1.539,9.259,24.876,18.674
15/12/1946,10.664,3.373,22.734,-0.338,8.266,25.16,20.302
15/01/1947,9.713,3.137,23.982,-0.015,6.692,25.872,21.834
15/02/1947,9.634,2.079,24.624,1.1,6.158,26.344,22.463
15/03/1947,9.615,1.743,24.547,0.929,5.831,27.326,22.198
15/04/1947,9.763,2.966,23.801,0.208,6.356,27.544,21.577
15/05/1947,10.179,2.627,22.865,-0.463,7.248,27.189,20.119
15/06/1947,11.244,3.752,21.401,-0.916,8.027,26.556,18.925
15/07/1947,12.903,6.494,20.81,-1.522,11.094,25.573,18.114
15/08/1947,14.044,7.359,20.109,-1.71,13.527,24.746,17.427
15/09/1947,13.606,6.405,20.056,-1.768,12.851,24.391,17.451
15/10/1947,13.108,4.806,19.909,-1.772,10.551,24.531,18.081
15/11/1947,11.979,3.7,21.237,-1.537,8.956,24.802,19.07
15/12/1947,10.863,3.08,22.919,-0.35,7.361,25.403,20.325
15/01/1948,10.434,2.769,24.088,-0.007,6.22,25.584,21.734
15/02/1948,9.645,2.415,25.015,1.188,5.404,26.678,22.033
15/03/1948,9.757,2.637,25.216,0.973,5.366,27.642,21.903
15/04/1948,9.929,2.802,24.112,0.205,5.884,27.632,21.044
15/05/1948,10.785,3.12,23.015,-0.477,6.914,27.331,20.153
15/06/1948,11.948,4.186,21.332,-0.918,8.573,26.414,18.645
15/07/1948,14.753,6.284,20.477,-1.522,11.156,25.448,17.638
15/08/1948,15.398,7.305,19.902,-1.71,14.098,25.155,17.48
15/09/1948,14.805,5.93,20.049,-1.768,14.193,24.711,17.23
15/10/1948,13.649,4.614,20.106,-1.772,11.217,24.511,17.984
15/11/1948,12.074,3.865,21.25,-1.537,8.368,25.006,18.603
15/12/1948,10.447,3.999,22.437,-0.35,7.255,25.393,19.795
15/01/1949,9.721,3.181,24.253,-0.013,6.97,25.109,21.7
15/02/1949,9.515,2.453,24.846,1.143,6.612,26.424,22.117
15/03/1949,9.785,1.968,24.878,0.97,6.262,26.881,22.383
15/04/1949,10.304,2.552,24.516,0.192,6.211,27.914,21.346
15/05/1949,11.202,2.654,22.901,-0.496,6.882,27.341,19.897
15/06/1949,12.162,4.409,21.516,-0.919,8.418,25.976,18.901
15/07/1949,14.229,6.208,20.357,-1.522,11.818,25.263,17.743
15/08/1949,15.281,6.711,19.74,-1.71,15.138,24.799,17.312
15/09/1949,14.716,6.062,19.858,-1.768,13.671,24.315,17.242
15/10/1949,13.285,5.048,19.731,-1.772,11.866,24.137,17.635
15/11/1949,11.324,3.772,21.168,-1.537,8.914,24.074,18.624
15/12/1949,10.525,3.739,22.615,-0.35,7.418,24.266,20.037
15/01/1950,10.194,3.168,23.914,-0.011,6.855,24.654,21.393
15/02/1950,9.42,2.788,24.803,1.114,6.522,25.203,22.323
15/03/1950,9.526,1.898,24.545,0.97,6.311,26.466,22.345
15/04/1950,10.006,1.921,23.592,0.191,6.096,26.826,21.369
15/05/1950,11.42,2.832,22.271,-0.459,7.12,26.243,20.128
15/06/1950,12.624,4.286,21.483,-0.909,8.629,25.679,19.042
15/07/1950,13.811,6.373,20.491,-1.522,11.98,24.878,18.148
15/08/1950,14.373,7.729,19.813,-1.71,14.28,24.685,17.788
15/09/1950,13.88,6.718,19.842,-1.768,13.468,24.242,17.554
15/10/1950,12.593,5.011,19.926,-1.772,10.764,24.415,17.875
15/11/1950,11.672,3.7,20.968,-1.537,8.926,24.003,18.998
15/12/1950,10.792,3.072,22.129,-0.35,7.581,24.457,20.644
15/01/1951,10.308,2.508,23.244,-0.011,6.204,25.164,21.87
15/02/1951,9.87,2.305,24.466,1.117,5.887,26.082,22.314
15/03/1951,10.33,1.791,24.487,0.946,5.947,26.71,22.141
15/04/1951,11.03,1.721,23.855,0.153,5.833,27.598,21.257
15/05/1951,11.862,2.652,22.85,-0.488,7.03,27.139,20.152
15/06/1951,13.242,4.351,21.596,-0.92,8.694,26.765,18.79
15/07/1951,15.488,6.576,20.514,-1.522,11.349,26.784,17.828
15/08/1951,15.854,7.31,20.004,-1.71,14.437,26.265,17.084
15/09/1951,14.771,5.743,19.875,-1.768,13.799,25.927,16.861
15/10/1951,13.466,5.453,20.232,-1.772,11.432,26.009,17.53
15/11/1951,12.025,3.811,21.114,-1.537,8.907,26.186,18.789
15/12/1951,11.123,3.693,22.358,-0.35,7.812,25.987,20.61
15/01/1952,10.394,2.342,24.113,-0.011,7.05,26.188,21.89
15/02/1952,10.389,1.498,25.055,1.149,6.115,26.72,22.329
15/03/1952,10.367,1.542,25.001,0.973,6.01,27.455,22.275
15/04/1952,10.556,2.413,24.515,0.198,5.995,27.825,21.113
15/05/1952,11.502,3.161,23.107,-0.488,6.918,27.087,19.907
15/06/1952,13.695,4.043,21.946,-0.916,8.605,26.16,19.026
15/07/1952,15.712,5.47,20.872,-1.522,11.244,25.235,17.952
15/08/1952,16.996,6.131,20.371,-1.71,14.236,24.826,17.286
15/09/1952,16.509,5.437,20.3,-1.768,13.97,24.662,17.307
15/10/1952,14.118,4.459,20.283,-1.772,11.264,24.884,17.603
15/11/1952,12.656,3.877,21.592,-1.537,8.73,24.849,18.663
15/12/1952,12.131,3.235,22.838,-0.35,7.032,24.836,20.173
15/01/1953,11.6,2.288,24.279,-0.012,5.837,25.736,21.606
15/02/1953,10.984,2.33,24.87,1.13,5.464,26.624,22.522
15/03/1953,10.898,2.471,25.042,0.986,5.272,27.434,22.318
15/04/1953,11.249,1.938,24.254,0.19,5.39,28.301,21.246
15/05/1953,11.927,2.62,22.851,-0.471,6.274,27.658,19.954
15/06/1953,13.258,4.223,21.764,-0.916,8.427,27.087,18.531
15/07/1953,14.571,6.747,20.823,-1.522,11.406,26.113,17.543
15/08/1953,14.962,8.4,20.096,-1.71,14.183,25.414,16.998
15/09/1953,14.613,7.723,20.137,-1.768,13.901,25.81,17.035
15/10/1953,13.1,5.274,20.483,-1.772,11.281,25.151,17.809
15/11/1953,11.854,4.311,21.295,-1.537,8.735,25.389,18.639
15/12/1953,11.287,3.99,22.543,-0.35,6.678,25.331,20.448
15/01/1954,10.771,3.248,23.931,-0.01,6.082,25.432,21.507
15/02/1954,10.308,2.561,25.04,1.141,5.639,26.217,22.487
15/03/1954,10.394,3.112,24.869,0.962,5.53,26.888,21.974
15/04/1954,10.651,3.067,23.935,0.222,6.149,26.536,21.012
15/05/1954,11.592,3.749,22.626,-0.479,6.801,26.213,19.734
15/06/1954,12.698,4.995,21.784,-0.918,7.913,25.413,18.553
15/07/1954,15.375,6.507,20.693,-1.522,10.765,24.758,17.743
15/08/1954,15.817,6.678,20.012,-1.71,14.08,24.107,17.455
15/09/1954,14.893,6.443,20.167,-1.768,14.429,23.964,17.253
15/10/1954,13.493,4.718,20.105,-1.772,11.214,23.974,18.015
15/11/1954,11.923,3.428,21.249,-1.537,8.335,24.011,19.194
15/12/1954,11.198,3.349,22.429,-0.35,7.046,24.167,20.553
15/01/1955,11.063,2.748,23.807,-0.014,5.886,24.935,21.642
15/02/1955,10.77,2.188,24.577,1.106,5.679,25.82,22.511
15/03/1955,10.984,2.404,24.568,0.975,5.967,26.53,22.285
15/04/1955,11.254,2.096,23.838,0.192,6.191,26.693,21.472
15/05/1955,11.433,2.369,22.665,-0.502,6.564,26.062,19.965
15/06/1955,12.899,4.381,21.433,-0.925,8.32,25.383,18.759
15/07/1955,15.134,5.803,20.578,-1.522,11.225,24.79,17.895
15/08/1955,16.52,6.251,19.573,-1.71,14.873,24.57,17.456
15/09/1955,15.313,5.768,19.655,-1.768,13.792,23.956,17.442
15/10/1955,14.202,4.421,20.078,-1.772,11.532,23.636,17.918
15/11/1955,12.823,3.582,20.96,-1.537,9.226,23.448,19.11
15/12/1955,11.855,3.016,22.358,-0.35,7.555,23.813,20.378
15/01/1956,10.876,2.583,24.013,-0.013,6.724,24.47,21.827
15/02/1956,10.855,2.379,24.609,1.142,6.375,25.584,22.501
15/03/1956,10.765,2.564,24.536,0.959,6.143,26.723,22.511
15/04/1956,11.2,2.716,23.501,0.185,6.233,26.966,21.521
15/05/1956,11.565,3.179,22.915,-0.5,7.018,26.631,20.259
15/06/1956,12.921,3.806,21.803,-0.925,8.652,26.015,19.145
15/07/1956,14.717,5.852,20.571,-1.522,11.562,25.178,18.42
15/08/1956,15.881,6.852,19.942,-1.71,14.551,24.686,17.822
15/09/1956,15.097,6.229,19.9,-1.768,13.385,24.571,17.642
15/10/1956,13.692,4.879,19.935,-1.772,11.859,24.528,18.339
15/11/1956,12.569,3.33,20.888,-1.537,9.541,24.314,19.201
15/12/1956,11.478,3.255,22.63,-0.35,7.986,24.556,20.519
15/01/1957,10.422,3.505,24.035,-0.009,7.04,24.914,21.72
15/02/1957,9.83,3.401,25.425,1.15,6.876,26.137,22.387
15/03/1957,10.297,2.813,25.086,0.981,6.54,27.418,22.34
15/04/1957,10.56,2.975,24.322,0.217,6.768,27.863,21.52
15/05/1957,11.2,3.022,23.082,-0.458,7.402,27.844,20.239
15/06/1957,12.831,4.738,21.972,-0.911,8.869,27.377,19.045
15/07/1957,14.762,6.956,20.978,-1.522,11.718,26.982,17.971
15/08/1957,16.162,7.542,20.254,-1.71,14.378,26.31,17.281
15/09/1957,15.585,6.708,20.217,-1.768,12.967,25.801,17.463
15/10/1957,14.017,4.927,20.498,-1.772,11.227,25.778,17.827
15/11/1957,12.005,3.433,21.298,-1.537,8.761,26.034,18.845
15/12/1957,11.209,3.254,22.614,-0.35,7.354,26.26,20.181
15/01/1958,10.743,2.278,24.273,-0.008,6.181,26.584,21.491
15/02/1958,10.798,1.901,25.151,1.169,5.522,27.056,21.941
15/03/1958,10.939,1.813,24.996,0.981,5.752,27.682,21.863
15/04/1958,11.085,2.237,24.145,0.197,5.773,27.787,21.191
15/05/1958,11.706,2.437,23.019,-0.459,6.554,27.309,19.773
15/06/1958,13.116,4.489,21.944,-0.911,8.168,26.703,18.803
15/07/1958,14.624,6.59,21.101,-1.522,10.845,26.028,17.632
15/08/1958,15.366,7.215,20.422,-1.71,12.768,25.483,17.21
15/09/1958,14.65,7.609,20.332,-1.768,12.821,25.238,17.074
15/10/1958,12.915,5.874,20.629,-1.772,11.062,25.029,17.647
15/11/1958,12.242,4.764,21.927,-1.537,8.34,25.253,18.405
15/12/1958,11.215,4.242,23.508,-0.35,6.781,25.312,19.722
15/01/1959,10.627,2.753,24.726,-0.013,5.903,25.648,20.818
15/02/1959,10.142,2.186,25.808,1.155,5.676,26.305,21.518
15/03/1959,9.669,2.201,25.639,0.981,5.533,27.141,21.47
15/04/1959,10.055,2.199,24.707,0.22,5.768,27.704,20.927
15/05/1959,11.291,2.996,23.393,-0.466,6.754,27.262,19.913
15/06/1959,12.401,4.029,22.111,-0.915,8.275,26.267,18.793
15/07/1959,14.157,6.124,20.894,-1.522,11.272,25.617,17.731
15/08/1959,15.776,7.053,20.165,-1.71,14.231,24.989,17.16
15/09/1959,15.419,6.174,20.108,-1.768,14.226,24.996,17.359
15/10/1959,12.958,5.536,20.119,-1.772,11.421,25.141,17.765
15/11/1959,11.548,4.35,21.133,-1.537,8.653,24.97,18.567
15/12/1959,10.354,4.362,22.678,-0.35,6.483,25.052,20.391
15/01/1960,10.045,3.427,23.703,-0.011,5.389,25.603,21.762
15/02/1960,9.929,3.031,24.657,1.115,5.032,26.052,22.33
15/03/1960,9.884,3.034,25.001,0.976,5.012,27.089,22.107
15/04/1960,10.244,2.837,24.206,0.207,5.332,27.372,21.216
15/05/1960,11.092,3.827,23.035,-0.475,6.017,27.124,19.999
15/06/1960,12.18,5.182,21.933,-0.915,7.69,26.279,18.586
15/07/1960,14.29,7.633,20.941,-1.522,11.174,25.634,17.661
15/08/1960,15.446,8.096,20.183,-1.71,13.349,25.303,17.091
15/09/1960,14.576,7.385,19.97,-1.768,13.583,25.306,17.268
15/10/1960,13.041,6.455,20.207,-1.772,10.882,24.794,17.625
15/11/1960,11.188,5.062,21.192,-1.537,8.004,24.582,18.887
15/12/1960,10.298,4.474,22.383,-0.35,6.418,25.006,20.398
15/01/1961,9.479,3.416,23.479,-0.012,5.252,25.341,21.576
15/02/1961,9.193,2.985,24.093,1.156,4.857,26.487,22.685
15/03/1961,9.534,2.443,24.559,0.977,4.571,27.084,22.267
15/04/1961,10.18,2.729,23.763,0.2,5.201,27.817,21.566
15/05/1961,10.994,3.396,22.871,-0.482,6.527,27.359,20.261
15/06/1961,12.44,4.588,21.658,-0.919,8.23,26.587,19.003
15/07/1961,14.59,6.565,20.813,-1.522,11.274,25.157,18.15
15/08/1961,15.586,7.356,20.241,-1.71,13.939,24.646,17.499
15/09/1961,13.957,6.899,20.277,-1.768,13.646,24.231,17.493
15/10/1961,12.128,6.514,20.138,-1.772,11.896,24.241,18.035
15/11/1961,11.524,4.794,21.235,-1.537,8.902,24.783,19.076
15/12/1961,11.071,4.225,22.81,-0.35,7.625,24.869,20.542
15/01/1962,10.126,3.593,24.184,-0.013,6.676,25.461,21.305
15/02/1962,9.712,3.037,25.123,1.122,6.243,26.287,21.852
15/03/1962,9.959,2.273,25.203,0.964,6.048,26.732,21.487
15/04/1962,10.305,3.059,24.426,0.197,6.23,26.917,20.817
15/05/1962,11.174,3.274,23.542,-0.491,7.19,26.67,19.665
15/06/1962,12.425,3.925,21.923,-0.919,9.362,25.987,18.605
15/07/1962,14.444,5.55,20.802,-1.522,12.56,25.549,17.635
15/08/1962,14.84,6.099,20.16,-1.71,14.768,25.251,17.118
15/09/1962,14.021,6.369,19.977,-1.768,14.514,24.823,17.204
15/10/1962,12.908,4.917,20.121,-1.772,11.284,24.729,17.702
15/11/1962,11.695,3.385,21.32,-1.537,8.547,24.687,18.759
15/12/1962,11.044,3.041,22.767,-0.35,7.003,24.631,19.953
15/01/1963,10.666,2.262,23.72,0.18,6.465,25.46,21.436
15/02/1963,10.225,1.915,24.684,1.316,6.309,26.178,22.126
15/03/1963,9.864,1.97,24.843,1.034,6.473,27.341,21.972
15/04/1963,10.286,2.557,24.21,0.403,6.909,27.788,21.175
15/05/1963,10.87,2.273,23.164,-0.292,7.837,27.544,20.077
15/06/1963,12.23,4.427,21.728,-0.891,9.103,27.012,18.621
15/07/1963,13.92,5.284,20.345,-1.509,12.818,26.534,17.822
15/08/1963,14.412,5.515,19.971,-1.704,15.492,26.011,17.372
15/09/1963,14.228,4.976,19.76,-1.763,13.846,25.797,17.023
15/10/1963,13.179,3.955,19.9,-1.77,11.287,25.859,17.586
15/11/1963,11.515,3.029,21.326,-1.529,8.871,25.822,18.681
15/12/1963,10.727,2.8,22.758,-0.352,7.353,26.017,20.207
15/01/1964,10.415,2.177,23.64,0.199,6.054,26.027,21.531
15/02/1964,10.274,1.908,24.698,1.365,5.611,26.338,22.306
15/03/1964,10.069,2.297,24.648,1.01,5.533,27.017,21.935
15/04/1964,10.178,2.568,23.922,0.374,6.014,26.777,21.041
15/05/1964,10.706,3.606,22.606,-0.293,7.305,26.117,19.671
15/06/1964,12.489,4.635,21.595,-0.888,9.02,25.519,18.825
15/07/1964,14.492,5.395,20.42,-1.501,11.599,25.385,18.003
15/08/1964,15.45,5.963,19.737,-1.698,14.181,24.342,17.516
15/09/1964,14.886,5.109,19.601,-1.759,13.291,24.583,17.438
15/10/1964,12.966,3.494,20.077,-1.768,10.638,24.474,18.153
15/11/1964,11.846,2.517,21.163,-1.521,8.648,24.645,18.878
15/12/1964,11.068,2.736,22.29,-0.353,7.497,24.349,20.37
15/01/1965,10.371,2.684,23.892,0.242,6.685,25.102,21.678
15/02/1965,10.497,2.069,25.219,1.352,6.031,26.147,22.145
15/03/1965,10.544,1.132,25.139,1.021,6.09,27.215,21.835
15/04/1965,10.778,1.152,24.183,0.361,6.486,27.885,21.217
15/05/1965,11.54,1.631,23.004,-0.323,7.235,27.942,19.935
15/06/1965,12.483,3.488,21.953,-0.895,8.498,27.246,18.643
15/07/1965,14.225,4.858,20.646,-1.494,11.418,26.685,17.843
15/08/1965,14.78,5.443,20.256,-1.692,13.697,26.345,17.349
15/09/1965,14.46,4.345,20.491,-1.756,13.591,26.195,17.222
15/10/1965,12.916,3.892,20.549,-1.767,10.893,26.225,17.641
15/11/1965,11.442,3.023,21.49,-1.513,8.995,26.493,18.58
15/12/1965,10.665,3.391,22.925,-0.354,7.116,26.485,19.671
15/01/1966,10.176,3.007,24.025,0.253,6.586,26.773,21.037
15/02/1966,9.97,2.075,24.661,1.358,5.716,26.909,21.547
15/03/1966,10.058,1.749,24.638,0.997,5.754,27.313,21.56
15/04/1966,10.28,2.36,24.375,0.381,6.129,27.634,20.962
15/05/1966,10.428,3.095,22.989,-0.32,6.924,26.931,19.808
15/06/1966,11.782,5.066,21.922,-0.889,8.7,26.372,18.64
15/07/1966,14.367,6.222,20.834,-1.487,10.928,25.72,17.828
15/08/1966,16.199,6.064,20.262,-1.686,13.152,24.933,17.204
15/09/1966,14.726,5.686,20.109,-1.752,12.758,24.803,17.238
15/10/1966,13.142,4.275,20.306,-1.764,10.773,24.826,17.777
15/11/1966,12.099,3.351,21.852,-1.506,9.268,24.648,18.923
15/12/1966,11.402,2.755,23.444,-0.355,7.585,24.655,20.296
15/01/1967,10.807,2.257,24.334,0.286,6.179,25.345,21.681
15/02/1967,9.983,2.237,25.212,1.31,5.734,26.1,22.521
15/03/1967,9.514,1.382,24.895,0.988,5.842,26.901,22.261
15/04/1967,10.637,1.172,23.97,0.391,6.446,27.07,21.312
15/05/1967,11.186,1.586,22.717,-0.264,7.881,26.984,20.014
15/06/1967,12.434,3.098,21.469,-0.874,9.748,26.434,18.969
15/07/1967,14.091,4.831,20.393,-1.482,12.903,25.387,18.222
15/08/1967,14.861,5.802,20.105,-1.681,15.641,24.623,17.532
15/09/1967,14.389,6.036,20.043,-1.749,13.619,24.396,17.374
15/10/1967,12.414,4.692,19.929,-1.762,10.96,24.306,17.739
15/11/1967,11.203,3.27,21.115,-1.5,8.728,24.449,18.769
15/12/1967,11.123,2.213,22.61,-0.353,7.394,24.628,20.195
15/01/1968,10.42,2.145,23.999,0.399,6.603,24.688,21.415
15/02/1968,10.026,1.511,24.776,1.381,6.409,25.31,22.012
15/03/1968,9.918,1.039,24.722,1.025,6.139,26.236,21.942
15/04/1968,9.956,1.005,24.252,0.405,6.31,27.006,21.061
15/05/1968,10.978,0.989,22.79,-0.292,7.287,26.518,19.773
15/06/1968,11.885,2.541,21.422,-0.882,8.969,26.336,18.716
15/07/1968,13.574,4.498,20.203,-1.477,11.26,26.014,17.795
15/08/1968,14.892,5.479,19.748,-1.676,13.097,25.582,17.362
15/09/1968,13.586,5.765,19.989,-1.746,13,25.511,17.364
15/10/1968,12.343,3.945,20.717,-1.76,11.146,25.36,18.109
15/11/1968,11.269,2.893,21.903,-1.495,8.581,25.46,19.054
15/12/1968,10.226,2.63,23.299,-0.352,7.111,25.709,20.717
15/01/1969,9.908,2.073,24.661,0.427,6.397,25.982,21.678
15/02/1969,9.87,1.156,25.795,1.433,5.974,26.693,22.397
15/03/1969,10.201,0.351,25.58,1.048,5.545,27.686,22.361
15/04/1969,10.054,0.506,24.79,0.442,5.871,28.084,21.629
15/05/1969,10.877,1.058,23.412,-0.255,6.621,28.07,20.269
15/06/1969,12.022,3.059,22.119,-0.89,7.991,27.281,19.042
15/07/1969,13.802,4.928,20.983,-1.467,11.213,26.266,17.78
15/08/1969,14.148,6.288,20.547,-1.672,15.077,25.844,17.26
15/09/1969,14.364,5.309,20.461,-1.743,14.213,25.849,16.97
15/10/1969,12.731,3.893,20.644,-1.758,10.66,25.934,17.669
15/11/1969,11.417,2.059,21.697,-1.49,8.54,26.03,18.732
15/12/1969,11.067,1.844,22.6,-0.351,6.743,26.11,20.626
15/01/1970,10.464,1.87,23.564,0.467,5.62,26.362,22.018
15/02/1970,9.855,1.805,24.606,1.48,5.391,26.546,22.408
15/03/1970,10.21,1.221,24.576,1.081,5.214,27.192,21.95
15/04/1970,10.584,1.087,24.043,0.477,5.729,27.466,21.184
15/05/1970,11.061,1.966,22.844,-0.231,6.699,26.804,19.893
15/06/1970,11.926,3.861,21.738,-0.882,8.182,25.896,18.895
15/07/1970,13.788,5.017,20.682,-1.462,10.681,24.488,17.934
15/08/1970,15.053,5.779,19.981,-1.669,13.522,23.978,17.408
15/09/1970,14.001,5.097,20.088,-1.741,13.459,24.274,17.295
15/10/1970,12.61,3.803,20.307,-1.756,11.846,24.327,18.107
15/11/1970,11.308,2.321,21.435,-1.485,9.623,24.245,19.26
15/12/1970,10.647,2.611,23.077,-0.35,8.191,24.267,20.678
15/01/1971,10.105,2.175,24.8,0.466,6.881,24.622,21.984
15/02/1971,9.725,1.291,25.807,1.458,6.573,25.122,22.574
15/03/1971,9.85,1.235,25.072,1.059,6.145,26.166,22.538
15/04/1971,9.93,1.433,24.1,0.503,6.102,26.982,22.001
15/05/1971,10.847,2.107,22.761,-0.214,6.555,26.544,20.568
15/06/1971,12.426,3.339,21.468,-0.879,8.14,25.874,19.202
15/07/1971,14.417,5.357,20.532,-1.453,11.717,25.29,18.292
15/08/1971,15.005,5.453,20.101,-1.666,13.515,24.462,17.712
15/09/1971,14.6,5.378,20.108,-1.739,12.738,24.505,17.548
15/10/1971,13.176,4.572,19.669,-1.755,10.957,24.102,18.219
15/11/1971,11.925,3.498,20.745,-1.481,9.029,24.212,19.229
15/12/1971,10.914,3.414,22.034,-0.351,7.87,24.204,20.634
15/01/1972,9.817,2.832,24.612,0.463,6.598,25.218,21.85
15/02/1972,9.214,2.591,25.338,1.462,6.04,26.131,22.408
15/03/1972,9.213,2.543,25.34,1.061,5.966,27.011,22.502
15/04/1972,9.685,2.777,24.649,0.491,6.269,27.867,21.878
15/05/1972,10.23,3.556,23.425,-0.203,7.008,27.786,20.346
15/06/1972,11.309,5.1,22.216,-0.877,8.465,27.354,19.108
15/07/1972,13.413,6.742,21.256,-1.435,11.057,27.075,17.913
15/08/1972,14.953,6.677,20.59,-1.663,13.423,27.063,17.269
15/09/1972,14.893,5.393,20.491,-1.736,13.56,26.681,17.329
15/10/1972,13.133,3.944,20.575,-1.753,11.371,26.741,17.585
15/11/1972,11.51,3.304,21.73,-1.477,8.901,26.956,18.492
15/12/1972,9.728,3.566,23.569,-0.348,7.396,27.32,20.348
15/01/1973,9.105,3.529,25.194,0.101,6.342,27.066,21.611
15/02/1973,9.159,2.794,26.239,1.237,5.761,27.09,22.345
15/03/1973,9.125,2.211,25.956,0.78,5.406,27.571,22.237
15/04/1973,10.106,1.741,25.23,0.289,5.615,27.374,21.29
15/05/1973,10.878,2.428,23.975,-0.037,6.348,26.743,20.173
15/06/1973,12.437,3.424,22.792,-0.914,7.833,25.88,18.859
15/07/1973,13.891,5.929,21.648,-1.614,10.382,24.939,17.972
15/08/1973,14.801,6.112,20.952,-1.732,13.025,24.314,17.279
15/09/1973,14.32,5.65,20.794,-1.765,12.167,24.305,17.427
15/10/1973,13.261,4.789,20.854,-1.785,10.581,24.183,17.978
15/11/1973,11.844,3.819,21.961,-1.634,8.905,24.277,19.122
15/12/1973,11.068,2.495,23.139,-0.448,7.365,24.229,20.772
15/01/1974,9.331,2.344,24.147,0.464,6.641,24.536,22.328
15/02/1974,9.193,1.81,24.656,1.319,6.349,25.58,23.111
15/03/1974,8.92,1.87,24.764,0.95,6.051,26.601,22.735
15/04/1974,9.304,2.924,24.319,0.539,6.131,27.288,21.319
15/05/1974,9.687,3.428,23.334,-0.082,6.821,27.081,20.252
15/06/1974,11.317,5.007,21.957,-0.76,8.46,26.456,19.017
15/07/1974,13.19,6.876,21,-1.366,11.535,25.705,18.194
15/08/1974,14.041,6.716,20.721,-1.622,13.71,25.203,17.601
15/09/1974,12.898,6.21,20.431,-1.587,13.242,24.763,17.32
15/10/1974,12.564,4.884,20.712,-1.583,11.219,24.641,17.979
15/11/1974,11.186,4.039,21.865,-1.308,8.354,24.694,18.788
15/12/1974,10.451,3.561,22.984,-0.347,6.936,24.761,20.438
15/01/1975,9.51,2.354,24.43,0.433,6.207,25.227,21.711
15/02/1975,9.075,2.274,25,1.344,5.676,25.948,22.463
15/03/1975,8.909,1.95,25.243,0.924,5.426,26.927,22.308
15/04/1975,10.021,1.959,24.079,0.368,5.633,27.477,21.41
15/05/1975,10.908,2.523,23.235,-0.382,6.349,26.687,20.097
15/06/1975,12.53,3.104,22.005,-0.834,7.882,25.733,18.926
15/07/1975,14.633,4.869,20.633,-1.386,10.592,25.136,17.861
15/08/1975,15.267,5.277,20.311,-1.623,13.017,24.716,17.326
15/09/1975,14.7,5.035,20.136,-1.725,13.344,24.242,17.182
15/10/1975,12.714,4.84,20.027,-1.719,11.104,24.164,17.706
15/11/1975,11.406,3.214,21.141,-1.414,8.55,24.246,18.664
15/12/1975,10.708,2.861,22.281,-0.394,7.207,24.057,20.149
15/01/1976,10.168,1.828,23.502,0.295,6.045,24.351,22.195
15/02/1976,9.685,1.632,24.5,1.421,5.524,25.559,22.643
15/03/1976,9.443,1.803,24.339,0.975,5.487,26.794,22.389
15/04/1976,9.89,2.143,23.693,0.391,5.393,27.428,21.454
15/05/1976,10.442,2.734,22.275,-0.565,6.048,27.314,20.135
15/06/1976,11.193,4.559,21.396,-1.156,8.213,27.172,18.872
15/07/1976,12.867,6.635,20.425,-1.52,10.358,26.543,18.122
15/08/1976,14.854,6.553,19.902,-1.734,12.138,26.147,17.215
15/09/1976,14.64,5.473,20.058,-1.767,11.816,26.017,17.099
15/10/1976,12.046,5.023,20.284,-1.744,9.841,26.112,17.525
15/11/1976,10.599,4.297,21.35,-1.252,7.77,26.183,18.613
15/12/1976,9.761,3.7,23.323,-0.394,6.524,25.981,20.079
15/01/1977,9.516,2.441,24.219,0.252,5.669,26.509,21.496
15/02/1977,9.107,2.443,24.909,1.283,5.317,26.982,22.368
15/03/1977,9.2,2.292,24.988,0.987,5.141,27.576,22.633
15/04/1977,9.935,2.01,24.202,0.343,5.373,27.235,21.347
15/05/1977,10.9,2.401,22.893,-0.43,6.364,27.168,19.951
15/06/1977,12.887,3.661,22.022,-1.072,8.494,26.634,18.672
15/07/1977,14.862,5.093,20.718,-1.278,11.443,25.864,17.795
15/08/1977,15.975,6.299,20.269,-1.489,13.888,24.994,17.121
15/09/1977,14.762,5.213,19.986,-1.704,14.544,25.033,17.212
15/10/1977,12.99,4.672,20.51,-1.748,11.634,25.349,17.441
15/11/1977,11.53,3.248,21.408,-1.6,8.096,25.481,18.453
15/12/1977,10.786,2.812,22.57,-0.458,6.864,25.501,19.805
15/01/1978,10.02,2.691,23.786,0.296,5.776,25.942,21.571
15/02/1978,9.969,2.625,24.782,1.224,5.311,26.523,22.275
15/03/1978,9.894,2.16,24.617,0.959,5.028,27.139,21.924
15/04/1978,10.012,2.539,23.775,0.349,5.444,27.096,20.967
15/05/1978,10.887,2.852,22.76,-0.457,6.203,26.721,19.825
15/06/1978,12.119,3.997,21.739,-1.135,7.911,25.952,18.747
15/07/1978,14.235,5.307,21.164,-1.437,10.78,25.175,17.728
15/08/1978,15.157,6.258,20.453,-1.701,13.349,24.652,17.039
15/09/1978,14.701,5.845,20.155,-1.723,13.455,24.799,17.16
15/10/1978,13.48,4.428,20.277,-1.756,11.181,25.101,17.344
15/11/1978,11.793,3.709,21.234,-1.59,8.898,25.34,18.192
15/12/1978,10.671,4.228,22.549,-0.562,7.241,25.59,19.865
15/01/1979,9.994,3.238,23.586,0.421,6.174,25.587,21.471
15/02/1979,9.95,2.514,24.578,1.342,5.662,26.209,22.266
15/03/1979,9.82,1.578,24.299,1.028,5.483,27.054,22.212
15/04/1979,10.49,2.299,24.36,0.58,5.912,27.86,21.117
15/05/1979,11.491,2.178,23.281,-0.007,6.414,27.478,19.695
15/06/1979,12.779,3.217,22.287,-1.204,8.388,26.888,18.587
15/07/1979,15.115,5.679,21.139,-1.582,12.004,25.952,17.737
15/08/1979,15.474,6.139,20.746,-1.74,13.776,25.739,17.073
15/09/1979,15.101,5.234,20.524,-1.748,13.625,25.858,17.114
15/10/1979,12.786,4.387,20.559,-1.776,10.087,25.756,17.561
15/11/1979,11.325,3.532,21.488,-1.576,8.228,25.8,18.431
15/12/1979,10.294,3.796,22.843,-0.285,6.995,25.811,19.954
15/01/1980,9.753,2.808,24.157,0.527,6.263,26.15,21.627
15/02/1980,9.479,2.827,25.012,1.328,5.621,26.485,22.175
15/03/1980,9.463,2.662,25.045,0.987,5.397,27.21,22.249
15/04/1980,10.16,2.545,24.506,0.658,5.352,27.694,21.396
15/05/1980,11.252,3.455,23.403,0.145,6.052,27.523,20.071
15/06/1980,12.755,4.697,22.183,-0.687,8.077,26.934,18.93
15/07/1980,14.278,6.665,21.173,-1.45,11.606,25.872,17.854
15/08/1980,14.638,7.505,20.426,-1.631,14.253,25.314,17.395
15/09/1980,13.887,6.676,20.436,-1.702,13.925,25.286,17.26
15/10/1980,12.583,4.596,20.509,-1.737,9.9,25.011,17.838
15/11/1980,11.608,3.157,21.518,-1.619,7.627,25.352,18.768
15/12/1980,11.136,2.986,22.625,-0.457,6.517,25.479,20.002
15/01/1981,10.345,1.731,23.915,0.557,5.964,25.099,21.922
15/02/1981,10.179,1.573,24.724,1.358,5.471,25.896,22.766
15/03/1981,10.15,1.013,24.675,1.017,5.328,27.015,22.288
15/04/1981,10.628,1.827,23.746,0.528,5.382,27.323,21.521
15/05/1981,11.196,2.249,22.421,-0.039,6.372,27.086,20.072
15/06/1981,12.422,4.317,21.33,-0.971,8.024,26.56,18.915
15/07/1981,14.558,5.773,20.611,-1.412,10.929,25.609,17.992
15/08/1981,16.168,6.011,20.231,-1.549,14.143,24.959,17.447
15/09/1981,15.048,5.747,20.152,-1.67,13.353,25.278,17.31
15/10/1981,13.438,3.381,20.387,-1.684,12.027,25.317,18.034
15/11/1981,12.186,2.304,21.368,-1.683,9.301,25.305,19.281
15/12/1981,11.691,2.391,22.644,-0.406,7.246,25.732,20.547
15/01/1982,10.651,1.372,24.015,0.186,6.342,26.069,21.959
15/02/1982,9.803,1.541,24.712,1.006,6.148,26.567,22.877
15/03/1982,9.589,1.281,24.555,0.52,5.982,27.264,22.557
15/04/1982,10.053,1.458,23.88,-0.114,6.423,27.926,21.499
15/05/1982,10.939,1.98,22.731,-0.609,7.235,27.925,19.943
15/06/1982,11.651,3.351,21.813,-1.007,8.657,27.328,18.878
15/07/1982,13.9,5.627,20.861,-1.603,10.537,26.38,17.83
15/08/1982,15.056,5.715,20.204,-1.711,13.194,26.265,17.176
15/09/1982,14.284,4.901,20.331,-1.745,13.032,26.737,16.966
15/10/1982,12.048,3.881,20.822,-1.752,10.871,27.097,17.506
15/11/1982,10.753,2.759,22.004,-1.492,9.137,27.514,18.283
15/12/1982,10.09,2.85,23.505,-0.729,7.295,27.921,19.617
15/01/1983,9.594,2.51,25.072,0.841,6.101,28.139,21.124
15/02/1983,9.661,1.798,25.389,1.777,5.419,28.466,22.023
15/03/1983,10.01,1.297,24.982,1.079,5.301,28.946,22.028
15/04/1983,10.339,1.939,24.403,0.301,5.48,29.177,21.072
15/05/1983,10.954,2.954,23.262,-0.329,6.552,29.157,19.947
15/06/1983,12.523,3.862,22.18,-0.808,7.959,28.408,18.818
15/07/1983,15.49,5.813,21.087,-1.414,10.102,27.191,18.01
15/08/1983,16.772,6.14,20.508,-1.669,13.193,26.365,17.558
15/09/1983,14.635,5.919,20.367,-1.688,13.974,25.685,17.562
15/10/1983,13.184,4.531,20.665,-1.728,11.238,25.194,17.935
15/11/1983,12.226,3.396,21.646,-1.562,8.664,25.036,18.39
15/12/1983,11.289,3.338,23.236,-0.625,7.146,25.244,19.887
15/01/1984,10.105,2.182,24.765,0.684,6.265,25.52,21.385
15/02/1984,9.734,2.009,25.678,1.67,5.731,26.324,22.436
15/03/1984,9.878,1.557,25.592,0.983,5.598,27.283,22.3
15/04/1984,10.389,2.199,24.408,0.47,5.607,27.485,21.31
15/05/1984,11.691,2.994,23.47,-0.232,6.528,26.863,20.069
15/06/1984,13.085,4.964,22.481,-0.91,8.483,25.818,18.96
15/07/1984,14.992,5.91,21.463,-1.5,11.268,25.365,18.066
15/08/1984,16.214,6.249,20.974,-1.565,13.933,24.812,17.503
15/09/1984,15.724,5.794,20.766,-1.645,13.768,24.894,17.503
15/10/1984,12.915,4.719,20.769,-1.761,11.222,24.518,17.924
15/11/1984,10.953,3.469,21.715,-1.742,8.852,24.533,19.098
15/12/1984,10.06,3.209,22.922,-0.711,7.137,24.388,20.273
15/01/1985,9.662,3.098,23.996,0.464,6.127,24.987,21.662
15/02/1985,9.532,2.416,24.894,1.542,5.838,25.669,22.747
15/03/1985,9.444,2.317,24.995,1.024,5.708,26.51,22.568
15/04/1985,9.675,2.478,24.402,0.489,5.64,26.915,21.767
15/05/1985,10.674,3.491,23.335,-0.233,6.449,26.498,20.585
15/06/1985,12.252,4.869,22.147,-1.052,7.959,25.966,19.172
15/07/1985,13.85,6.683,21.092,-1.57,11.195,25.139,18.05
15/08/1985,13.872,7.094,20.423,-1.649,13.304,24.598,17.559
15/09/1985,13.58,6.137,20.262,-1.769,14.231,24.599,17.684
15/10/1985,12.289,4.54,20.703,-1.755,11.888,24.508,17.881
15/11/1985,11.182,2.739,21.574,-1.667,9.875,24.645,19.044
15/12/1985,10.245,2.95,23.172,-0.579,7.663,24.779,20.462
15/01/1986,9.292,2.749,24.653,0.244,6.325,25.164,22.04
15/02/1986,9.151,2.591,25.544,1.084,5.79,26.157,22.762
15/03/1986,8.936,2.493,25.548,0.653,5.649,26.992,22.599
15/04/1986,9.109,2.327,24.66,-0.172,5.907,27.349,21.725
15/05/1986,9.778,3.004,23.588,-0.784,6.691,26.901,20.068
15/06/1986,11.406,4.446,22.223,-1.144,7.842,26.452,18.861
15/07/1986,13.923,6.289,20.989,-1.507,10.721,25.929,18.019
15/08/1986,14.437,6.811,20.417,-1.633,13.658,25.244,17.47
15/09/1986,15.026,5.543,20.363,-1.717,13.684,25.408,17.345
15/10/1986,12.965,3.58,20.658,-1.716,11.526,25.75,17.688
15/11/1986,10.921,2.738,21.443,-1.336,9.037,25.969,18.662
15/12/1986,9.806,2.544,22.938,-0.975,7.13,25.934,20.031
15/01/1987,9.558,2.606,24.547,0.316,5.801,26.481,21.823
15/02/1987,9.319,2.059,25.525,1.273,5.326,27.225,22.557
15/03/1987,9.582,2.196,25.462,0.803,5.164,28.147,22.191
15/04/1987,9.928,2.42,24.856,0.135,5.333,28.493,21.364
15/05/1987,11.388,3.332,23.947,-0.384,6.194,28.383,20.094
15/06/1987,13.038,5.108,23.004,-0.779,7.698,27.605,18.768
15/07/1987,14.962,6.832,21.746,-1.313,9.887,27.103,17.841
15/08/1987,16.601,7.797,21.022,-1.532,12.514,26.555,17.172
15/09/1987,14.596,6.456,20.803,-1.642,12.494,26.713,17.249
15/10/1987,12.643,4.147,21.344,-1.729,10.473,26.249,17.548
15/11/1987,11.58,3.289,22.205,-1.441,8.608,26.359,18.471
15/12/1987,10.947,3.219,23.555,-0.278,6.724,26.456,20.09
15/01/1988,9.817,2.471,24.916,0.626,5.38,26.326,21.556
15/02/1988,9.618,1.972,26.03,1.566,4.938,26.641,22.351
15/03/1988,9.8,1.854,25.693,0.858,4.961,27.581,21.931
15/04/1988,10.306,1.911,24.723,0.15,4.983,27.27,21.017
15/05/1988,11.023,1.867,23.649,-0.509,5.875,26.584,19.925
15/06/1988,12.866,4.439,22.297,-0.986,7.446,25.339,18.819
15/07/1988,14.549,5.652,21.081,-1.479,10.42,24.574,18.131
15/08/1988,14.568,7.202,20.592,-1.63,12.986,24.15,17.519
15/09/1988,14.291,6.37,20.403,-1.757,12.387,24.186,17.485
15/10/1988,12.736,3.917,20.684,-1.729,10.32,23.862,18.001
15/11/1988,11.997,2.854,21.815,-1.652,8.592,24.051,19.303
15/12/1988,11.385,2.707,22.899,-1.061,7.027,24.115,20.671
15/01/1989,10.269,2.21,24.588,-0.324,6.058,24.787,22.363
15/02/1989,9.785,1.441,25.354,0.957,5.755,25.914,22.889
15/03/1989,9.136,1.48,25.435,0.464,5.611,26.462,22.847
15/04/1989,9.322,2.34,24.519,-0.173,5.9,27.073,21.919
15/05/1989,10.744,2.471,23.272,-0.788,7.064,26.847,20.425
15/06/1989,12.68,4.247,22.108,-1.23,8.595,26.393,19.224
15/07/1989,15.396,5.859,21.049,-1.719,11.729,25.714,18.408
15/08/1989,15.83,6.281,20.479,-1.785,14.223,24.906,17.858
15/09/1989,14.959,5.761,20.396,-1.778,13.757,24.928,17.662
15/10/1989,13.515,4.493,20.684,-1.78,11.576,24.909,18.171
15/11/1989,11.508,3.075,21.457,-1.523,9.523,25.089,18.646
15/12/1989,10.717,2.629,22.709,-0.617,7.786,25.062,20.484
15/01/1990,9.442,2.637,24.111,0.391,6.611,25.48,22.162
15/02/1990,9.029,2.052,25.378,1.231,5.791,26.596,22.699
15/03/1990,9.142,1.757,25.435,0.483,5.654,27.206,22.498
15/04/1990,9.833,2.624,24.882,-0.174,5.905,27.847,21.702
15/05/1990,11.272,2.955,23.697,-0.592,6.968,27.635,20.376
15/06/1990,12.291,4.805,22.441,-1.191,8.688,26.812,19.26
15/07/1990,13.806,6.943,21.148,-1.541,11.455,25.885,18.292
15/08/1990,14.958,7.531,20.566,-1.709,13.808,25.414,17.776
15/09/1990,14.797,6.507,20.261,-1.771,13.799,25.423,17.564
15/10/1990,13.345,4.824,20.627,-1.742,11.638,25.22,18.087
15/11/1990,11.778,3.503,21.76,-1.376,9.789,25.236,19.078
15/12/1990,10.983,3.59,23.16,-0.598,8.085,25.325,20.535
15/01/1991,9.432,2.528,24.086,0.424,7.34,25.882,22.2
15/02/1991,9.131,2.292,25.294,1.16,6.711,26.479,23.165
15/03/1991,9.247,2.146,25.271,0.783,6.411,27.353,22.613
15/04/1991,9.721,2.385,24.834,0.105,6.565,27.714,21.337
15/05/1991,11.491,3.5,23.548,-0.512,7.201,27.799,19.932
15/06/1991,12.52,4.849,22.214,-0.896,9.116,27.317,18.692
15/07/1991,13.749,6.823,21.016,-1.335,11.685,26.671,17.944
15/08/1991,14.455,8.143,20.116,-1.602,13.636,25.656,17.535
15/09/1991,14.532,6.35,20.307,-1.656,12.952,25.401,17.311
15/10/1991,12.68,4.52,20.349,-1.737,11.004,25.622,17.944
15/11/1991,11.36,3.431,21.384,-1.638,9.037,25.978,18.911
15/12/1991,10.687,2.683,22.753,-0.467,7.304,26.18,20.191
15/01/1992,10.404,2.366,24.137,0.845,5.929,26.674,21.449
15/02/1992,9.888,1.883,24.663,1.405,5.809,27.241,22.342
15/03/1992,9.711,1.95,24.495,0.97,5.739,28.082,22.491
15/04/1992,9.821,2.045,24.031,0.296,6.176,28.676,21.48
15/05/1992,10.669,2.658,23.043,-0.177,7.103,28.545,20.342
15/06/1992,12.387,4.633,21.928,-0.785,8.687,27.119,19.114
15/07/1992,14.258,5.858,20.89,-1.363,11.023,25.993,18.21
15/08/1992,13.983,6.64,20.191,-1.659,13.177,25.186,17.83
15/09/1992,13.49,5.793,20.04,-1.748,13.334,25.025,17.784
15/10/1992,13.014,3.85,20.3,-1.776,10.983,25.075,18.074
15/11/1992,11.7,3.062,21.122,-1.527,8.869,25.222,18.866
15/12/1992,10.424,2.262,22.955,-0.481,7.294,25.182,20.429
15/01/1993,9.749,2.139,24.581,0.553,6.352,25.797,21.544
15/02/1993,9.794,1.718,25.536,1.297,5.816,26.809,22.287
15/03/1993,9.677,1.374,25.483,0.877,5.613,27.667,22.327
15/04/1993,9.852,2.154,24.912,0.214,5.984,28.496,21.331
15/05/1993,10.841,2.599,23.266,-0.497,6.599,28.381,19.892
15/06/1993,12.403,3.85,22.033,-1.118,8.325,27.283,18.611
15/07/1993,14.743,5.188,21.038,-1.516,11.364,26.156,17.743
15/08/1993,15.664,5.638,20.422,-1.726,13.465,25.46,17.223
15/09/1993,14.786,5.515,20.721,-1.757,13.46,25.377,17.228
15/10/1993,13.11,4.069,21.154,-1.764,11.623,25.426,17.56
15/11/1993,11.649,2.931,21.93,-1.623,9.436,25.463,18.65
15/12/1993,10.531,3.177,23.026,-0.457,7.542,25.48,20.555
15/01/1994,9.538,2.097,24.374,0.461,6.435,25.921,21.913
15/02/1994,9.211,2.035,25.157,1.442,6.184,26.379,22.756
15/03/1994,9.332,1.851,25.078,0.978,5.915,27.124,22.402
15/04/1994,9.583,2.262,24.389,0.275,6.081,27.464,21.387
15/05/1994,10.376,3.302,23.192,-0.302,6.861,27.35,20.004
15/06/1994,11.872,4.363,22,-0.803,8.738,26.748,18.809
15/07/1994,13.177,6.265,21.028,-1.419,11.776,25.657,17.93
15/08/1994,13.928,7.191,20.452,-1.662,14.57,25.107,17.31
15/09/1994,14.035,6.28,20.138,-1.733,14.179,25.243,17.229
15/10/1994,13.578,4.04,20.54,-1.759,11.652,25.691,17.841
15/11/1994,11.835,3.153,21.537,-1.392,9.806,25.964,19.032
15/12/1994,10.548,3.081,23.05,-0.428,8.076,26.112,20.531
15/01/1995,9.91,2.3,24.28,0.348,6.551,26.431,21.967
15/02/1995,9.569,1.562,25.295,1.234,5.922,26.98,22.852
15/03/1995,9.663,1.215,25.487,0.709,6.042,27.396,22.758
15/04/1995,10.63,0.999,24.717,0.043,6.05,27.586,21.48
15/05/1995,11.777,1.455,23.277,-0.643,6.855,27.013,20.25
15/06/1995,13.491,3.395,22.23,-1.24,8.174,26.561,18.939
15/07/1995,15.193,4.914,20.975,-1.512,11,25.963,18.279
15/08/1995,15.854,6.253,20.331,-1.691,13.963,24.971,17.877
15/09/1995,15.259,6.039,20.316,-1.749,13.351,24.77,17.688
15/10/1995,13.403,4.653,20.535,-1.741,10.905,24.756,18.14
15/11/1995,12.317,3.093,21.524,-1.379,9.342,24.852,19.285
15/12/1995,11.508,2.537,22.794,-0.648,7.896,24.936,20.512
15/01/1996,10.75,2.049,24.102,0.334,6.914,25.355,21.889
15/02/1996,10.462,2.064,25.466,1.132,6.461,26.156,22.928
15/03/1996,10.313,1.614,25.188,0.653,6.354,27.175,22.978
15/04/1996,10.884,2.028,24.452,0.076,6.434,27.308,21.785
15/05/1996,11.612,2.733,23.233,-0.647,7.296,27.048,20.621
15/06/1996,12.565,4.04,22.088,-1.143,9.092,26.463,19.333
15/07/1996,14.933,5.833,20.93,-1.491,11.643,25.73,18.431
15/08/1996,15.591,6.723,20.118,-1.658,14.344,25.17,17.838
15/09/1996,15.339,6.436,19.919,-1.642,13.905,25.01,17.689
15/10/1996,13.471,4.427,20.142,-1.665,11.731,24.857,18.079
15/11/1996,12.135,2.628,21.171,-1.326,9.632,24.892,19.093
15/12/1996,11.345,2.233,22.4,-0.639,7.967,24.612,20.757
15/01/1997,10.638,1.815,23.651,0.495,6.964,25.128,22.52
15/02/1997,10.273,1.201,24.341,1.317,6.568,26.028,23.509
15/03/1997,10.028,0.976,24.338,0.722,6.094,27.318,22.988
15/04/1997,11.034,1.398,23.712,0.166,6.358,27.907,21.567
15/05/1997,11.892,2.015,22.578,-0.406,7.214,28.317,20.213
15/06/1997,13.298,3.509,21.66,-0.886,9.163,28.123,19.134
15/07/1997,15.55,5.743,20.864,-1.46,12.09,27.892,18.179
15/08/1997,15.932,7.194,20.364,-1.67,14.32,27.755,17.512
15/09/1997,15.309,5.79,20.524,-1.719,13.857,27.737,17.457
15/10/1997,14.42,4.322,20.837,-1.744,11.402,27.876,18.073
15/11/1997,12.813,3.433,21.904,-1.517,9.115,27.958,18.947
15/12/1997,11.604,3.13,23.263,-0.505,7.102,28.144,20.502
15/01/1998,10.387,2.89,24.424,0.571,6.117,28.288,21.71
15/02/1998,10.016,2.239,25.684,1.33,5.46,28.654,22.059
15/03/1998,10.216,1.519,25.676,0.808,5.324,29.107,21.844
15/04/1998,10.589,1.924,24.797,0.12,5.489,29.136,20.853
15/05/1998,11.699,2.518,23.507,-0.325,6.387,28.676,19.703
15/06/1998,13.552,4.477,22.47,-0.777,8.264,27.143,18.603
15/07/1998,15.526,5.913,21.703,-1.491,11.397,26.213,17.953
15/08/1998,16.827,6.961,20.726,-1.66,13.966,25.526,17.489
15/09/1998,15.773,6.058,20.521,-1.726,13.251,25.176,17.451
15/10/1998,14.403,4.651,20.683,-1.751,11.285,24.933,18.23
15/11/1998,12.442,3.002,21.569,-1.501,8.83,25.04,19.235
15/12/1998,11.313,3.316,22.872,-0.514,7.055,24.864,20.934
15/01/1999,10.165,2.701,24.206,0.379,6.173,25.224,22.283
15/02/1999,10.224,1.991,25.207,1.254,5.556,26.113,23.063
15/03/1999,10.174,1.778,25.272,0.64,5.124,27.219,22.879
15/04/1999,10.671,1.96,24.61,0.148,5.436,27.285,21.764
15/05/1999,11.472,2.763,23.425,-0.522,6.674,27.036,20.514
15/06/1999,13.166,4.824,22.211,-1.175,8.388,26.239,19.263
15/07/1999,14.757,7.152,21.043,-1.618,11.386,25.396,18.349
15/08/1999,15.797,7.719,20.356,-1.678,13.711,24.762,17.684
15/09/1999,14.728,6.677,20.444,-1.722,13.219,24.41,17.556
15/10/1999,13.118,5.597,20.56,-1.707,11.173,24.175,18.038
15/11/1999,11.9,3.612,21.66,-1.457,8.711,24.146,18.832
15/12/1999,11.325,2.968,22.798,-0.666,7.161,24.191,20.511
15/01/2000,10.372,2.101,23.804,0.273,6.13,24.404,22.059
15/02/2000,10.32,1.77,25.18,1.199,5.423,25.608,23.043
15/03/2000,10.481,1.416,25.162,0.689,5.217,26.73,22.845
15/04/2000,10.628,2.158,24.417,-0.007,5.489,27.579,21.765
15/05/2000,11.571,2.774,23.196,-0.657,6.615,27.12,20.214
15/06/2000,12.481,4.317,22.033,-1.318,8.605,26.029,19.093
15/07/2000,15.095,6.95,21.028,-1.624,11.707,25.411,18.142
15/08/2000,16.128,7.864,20.494,-1.704,14.57,24.983,17.559
15/09/2000,15.357,6.701,20.307,-1.725,14.597,24.983,17.549
15/10/2000,12.987,5.291,20.634,-1.739,11.657,24.873,18.008
15/11/2000,11.709,3.93,21.529,-1.554,9.082,24.805,19.21
15/12/2000,10.851,3.133,23.16,-0.802,7.277,24.899,20.606
15/01/2001,10.186,2.516,24.771,0.393,6.114,25.243,22.142
15/02/2001,10.021,2.365,25.534,1.296,5.473,26.188,22.899
15/03/2001,10.074,1.996,25.258,0.706,5.216,27.299,22.944
15/04/2001,10.279,2.122,24.743,0.182,5.594,27.742,21.947
15/05/2001,11.406,2.362,23.616,-0.441,6.36,27.211,20.324
15/06/2001,13.558,3.746,22.091,-1.025,8.632,26.469,19.248
15/07/2001,15.115,6.212,20.977,-1.403,11.941,25.721,18.286
15/08/2001,15.89,7.099,20.223,-1.626,14.646,25.113,17.75
15/09/2001,15.803,7.009,20.118,-1.733,13.593,24.605,17.739
15/10/2001,13.176,5.726,20.242,-1.753,10.992,24.726,18.043
15/11/2001,12.441,3.183,21.802,-1.535,8.567,24.81,19.132
15/12/2001,11.588,3.035,23.107,-0.794,6.827,24.849,20.463
15/01/2002,10.845,2.357,24.339,-0.023,6.036,25.299,22.237
15/02/2002,10.131,1.669,24.989,0.958,5.684,26.228,23.235
15/03/2002,10.015,1.615,25.228,0.654,5.428,27.512,22.955
15/04/2002,10.296,2.596,24.428,0.179,6.028,27.788,21.913
15/05/2002,10.891,2.836,23.608,-0.366,7.33,27.613,20.54
15/06/2002,11.775,4.938,22.439,-0.914,8.815,26.986,19.329
15/07/2002,13.922,7.024,21.589,-1.434,11.125,26.156,18.2
15/08/2002,15.724,7.562,20.571,-1.65,13.872,25.557,17.551
15/09/2002,15.207,6.513,20.322,-1.772,13.762,25.582,17.364
15/10/2002,13.281,5.507,20.797,-1.741,11.668,25.901,18.041
15/11/2002,11.492,4.192,21.946,-1.608,8.82,26.223,19.167
15/12/2002,10.677,4.393,23.398,-0.648,6.928,26.3,20.21
15/01/2003,10.267,3.731,25.179,0.37,5.717,26.267,21.926
15/02/2003,9.781,3.008,25.948,1.318,5.579,26.696,22.52
15/03/2003,9.547,3.238,26.01,0.738,5.583,27.424,22.09
15/04/2003,10.141,3.556,25.172,0.003,5.717,27.422,21.435
15/05/2003,10.84,3.725,23.808,-0.471,6.768,26.745,20.237
15/06/2003,11.84,5.618,22.601,-1.121,8.366,26.335,18.975
15/07/2003,13.683,7.575,21.427,-1.62,11.531,25.991,18.161
15/08/2003,14.957,9.414,20.966,-1.718,14.147,25.534,17.623
15/09/2003,14.867,7.72,20.771,-1.788,13.917,25.31,17.69
15/10/2003,13.923,5.488,20.939,-1.788,11.186,25.548,17.999
15/11/2003,11.86,4.405,21.918,-1.464,9.245,25.691,18.898
15/12/2003,11.241,3.773,23.274,-0.6,7.355,25.883,20.45
15/01/2004,10.596,3.27,23.986,0.367,6.28,26.215,21.722
15/02/2004,10.231,2.598,24.785,1.282,5.818,26.724,22.847
15/03/2004,10.118,2.644,24.818,0.677,5.658,27.428,22.679
15/04/2004,10.419,3.026,24.164,-0.026,5.967,27.797,21.784
15/05/2004,11.25,3.41,23.155,-0.631,7.072,27.124,20.229
15/06/2004,12.714,5.519,22.086,-1.279,8.86,26.502,19.039
15/07/2004,14.212,7.769,21.299,-1.725,11.945,25.826,18.023
15/08/2004,14.946,9.093,20.702,-1.787,14.494,25.405,17.569
15/09/2004,14.647,7.693,20.58,-1.774,14.298,25.475,17.473
15/10/2004,13.266,5.821,20.665,-1.736,12.002,25.529,17.864
15/11/2004,12.373,3.698,21.816,-1.419,9.608,25.73,18.867
15/12/2004,11.534,3.664,22.975,-0.438,7.865,25.766,20.699
15/01/2005,10.481,2.761,24.251,0.519,6.922,25.963,22.3
15/02/2005,10.608,2.35,24.918,1.228,6.219,26.391,22.639
15/03/2005,10.919,1.869,25.201,0.71,5.92,27.233,22.288
15/04/2005,10.959,2.781,24.624,0.08,6.18,27.846,21.639
15/05/2005,11.873,2.554,23.34,-0.473,7.177,27.641,20.234
15/06/2005,13.324,4.164,22.097,-1.219,8.801,26.827,19.125
15/07/2005,15.31,6.983,20.951,-1.383,11.759,26.088,18.058
15/08/2005,16.861,7.885,20.469,-1.692,14.106,25.524,17.421
15/09/2005,15.961,6.24,20.175,-1.755,14.403,25.067,17.455
15/10/2005,13.75,4.425,20.459,-1.768,11.596,24.779,18.013
15/11/2005,12.136,3.44,21.574,-1.558,9.455,24.421,19.151
15/12/2005,11.778,3.084,23.031,-0.65,7.817,24.265,20.677
15/01/2006,10.912,2.781,24.306,0.462,6.392,25.074,22.267
15/02/2006,10.483,2.594,25.309,1.399,5.596,26.295,23.171
15/03/2006,10.542,2.287,25.403,0.862,5.483,26.971,23.043
15/04/2006,11.099,2.249,24.418,-0.058,5.834,27.574,22.2
15/05/2006,11.804,2.712,23.193,-0.679,6.697,27.359,20.44
15/06/2006,13.336,4.05,21.884,-1.484,8.828,26.674,19.169
15/07/2006,15.164,6.564,20.746,-1.747,11.579,25.96,18.176
15/08/2006,16.592,7.68,20.589,-1.696,14.547,25.686,17.618
15/09/2006,15.729,6.579,20.57,-1.769,14.379,25.889,17.351
15/10/2006,13.794,5.086,20.51,-1.785,11.76,25.99,17.827
15/11/2006,12.755,3.185,21.256,-1.693,9.51,26.011,18.757
15/12/2006,11.245,3.451,22.978,-0.632,7.402,26.135,20.629
15/01/2007,10.621,2.739,24.543,0.354,6.13,26.235,22.1
15/02/2007,10.365,2.418,25.296,1.25,5.626,26.524,22.572
15/03/2007,10.047,2.48,25.238,0.625,5.633,27.048,22.682
15/04/2007,10.794,2.349,24.655,0.036,5.724,27.435,21.709
15/05/2007,11.702,2.751,23.277,-0.521,6.612,26.839,20.501
15/06/2007,13.054,4.805,22.112,-1.135,8.3,26.206,19.33
15/07/2007,14.805,7.437,21.209,-1.546,10.904,25.446,18.363
15/08/2007,15.528,7.75,20.47,-1.635,13.877,24.505,17.821
15/09/2007,16.562,6.156,20.1,-1.728,13.781,24.173,17.73
15/10/2007,14.48,4.777,20.469,-1.752,11.635,24.072,18.272
15/11/2007,13.558,3.355,21.613,-1.653,8.93,24.007,19.061
15/12/2007,11.946,3.497,22.914,-0.874,7.217,24.106,20.548
15/01/2008,10.731,2.814,24.268,0.001,6.255,24.479,22.189
15/02/2008,10.305,2.287,25.05,0.9,5.75,25.657,22.682
15/03/2008,10.238,2.029,25.264,0.546,5.654,26.845,22.534
15/04/2008,10.606,2.333,24.655,-0.097,5.772,27.435,21.502
15/05/2008,11.722,3.011,23.595,-0.473,6.711,27.42,20.262
15/06/2008,13.539,5.592,22.098,-1.133,8.796,26.715,19.119
15/07/2008,14.731,7.554,21.052,-1.542,11.906,26.181,18.365
15/08/2008,15.296,8.579,20.463,-1.709,14.343,25.905,17.737
15/09/2008,14.708,7.524,20.279,-1.756,13.576,25.406,17.507
15/10/2008,13.729,5.496,20.511,-1.764,11.498,25.341,18.113
15/11/2008,12.412,3.325,21.452,-1.616,9.033,25.267,19.2
15/12/2008,11.564,3.117,22.734,-0.684,7.39,24.973,20.576
15/01/2009,10.869,2.498,24.03,0.184,6.608,25.432,21.989
15/02/2009,10.186,2.416,24.986,1.033,5.998,26.181,23.132
15/03/2009,10.235,2.088,25.141,0.46,5.925,26.763,23.078
15/04/2009,10.38,2.3,24.603,-0.191,6.238,27.769,21.917
15/05/2009,10.571,3.331,23.403,-0.75,7.243,27.797,20.353
15/06/2009,12.246,5.908,22.31,-1.086,9.243,27.386,19.149
15/07/2009,13.921,7.607,21.344,-1.54,11.656,26.75,18.332
15/08/2009,14.276,8.617,20.75,-1.682,13.615,26.052,17.544
15/09/2009,13.88,7.353,20.74,-1.729,12.729,26.019,17.565
15/10/2009,13.551,4.718,21.054,-1.795,10.973,25.936,17.911
15/11/2009,11.643,4.476,22.23,-1.718,8.996,26.203,18.947
15/12/2009,10.659,3.739,23.857,-0.669,7.356,26.528,20.577
15/01/2010,10.341,3.095,25.266,0.338,6.557,26.617,22.239
15/02/2010,10.017,2.839,25.995,1.233,5.917,27.122,22.851
15/03/2010,10.018,2.466,26.027,0.721,5.362,27.721,22.462
15/04/2010,10.566,2.408,25.069,0.077,5.596,28.229,21.81
15/05/2010,12.125,2.806,23.808,-0.572,6.557,27.561,20.365
15/06/2010,13.527,4.907,22.769,-1.402,8.258,26.335,19.333
15/07/2010,14.356,7.341,21.385,-1.746,11.068,25.378,18.485
15/08/2010,16.402,8.264,20.616,-1.8,13.847,24.641,17.842
15/09/2010,15.793,7.636,20.1,-1.8,13.814,24.233,17.841
15/10/2010,13.707,6.073,20.428,-1.8,10.734,23.881,18.213
15/11/2010,12.139,3.853,21.507,-1.663,8.773,24.006,19.332
15/12/2010,11.449,3.224,22.704,-0.654,7.675,24.028,21.127
15/01/2011,11.06,2.779,23.683,0.127,6.88,24.554,22.693
15/02/2011,10.378,2.629,24.923,1.041,6.416,25.801,23.444
15/03/2011,9.998,2.15,25.064,0.606,6.074,26.728,23.058
15/04/2011,10.192,2.331,24.203,0.037,6.347,27.479,22.017
15/05/2011,10.668,2.861,23.111,-0.514,7.056,27.278,20.562
15/06/2011,12.189,4.386,22.1,-1.071,8.763,26.813,19.333
15/07/2011,14.091,6.927,21.018,-1.406,12.064,25.971,18.394
15/08/2011,15.443,7.421,20.427,-1.507,15.058,25.118,17.886
15/09/2011,14.195,6.845,20.335,-1.702,13.615,24.734,17.803
15/10/2011,13.187,5.351,20.442,-1.781,11.35,24.399,18.284
15/11/2011,11.515,4.079,20.842,-1.696,9.518,24.554,19.3
15/12/2011,10.299,3.306,21.945,-0.719,8.135,24.72,20.923
15/01/2012,9.958,2.858,23.839,0.21,6.633,25.211,21.931
15/02/2012,10.057,2.648,24.701,1.095,5.986,26.507,22.622
15/03/2012,9.976,2.241,25.163,0.587,5.607,27.301,22.214
15/04/2012,10.467,2.316,24.254,-0.032,5.674,27.873,21.392
15/05/2012,11.464,2.75,23.289,-0.544,6.724,27.495,20.349
15/06/2012,13.28,5.218,22.019,-1.303,8.557,27.173,19.175
15/07/2012,15.432,7.562,21.227,-1.657,11.485,26.706,18.128
15/08/2012,16.054,7.951,20.339,-1.766,14.224,25.97,17.594
15/09/2012,15.721,6.44,20.294,-1.778,14.011,25.582,17.494
15/10/2012,13.96,4.812,20.491,-1.775,11.15,25.272,18.048
15/11/2012,12.216,3.376,21.526,-1.624,9.092,25.451,19.387
15/12/2012,11.202,3.353,22.787,-0.775,7.553,25.199,20.646
15/01/2013,10.473,2.987,24.081,0.342,6.33,25.358,21.731
15/02/2013,10.073,2.989,24.974,1.179,5.989,26.246,22.158
15/03/2013,10.25,2.398,25.362,0.775,5.74,27.454,22.32
15/04/2013,10.467,2.729,24.717,0.139,6.371,27.719,21.566
15/05/2013,11.169,2.805,23.699,-0.595,7.422,26.845,20.345
15/06/2013,12.51,5.975,22.353,-1.438,8.966,26.018,19.028
15/07/2013,14.718,6.633,21.416,-1.714,12.202,25.437,18.229
15/08/2013,15.716,7.354,20.823,-1.773,14.73,24.966,17.59
15/09/2013,15.722,6.107,20.56,-1.797,13.906,25.091,17.408
15/10/2013,14.415,4.909,20.684,-1.798,11.773,25.238,18.201
15/11/2013,11.91,3.727,21.572,-1.73,9.725,25.207,19.073
15/12/2013,11.025,2.711,22.97,-0.6,8.476,25.39,20.651
15/01/2014,9.514,2.826,24.555,0.072,7.331,25.646,22.007
15/02/2014,9.049,3.145,25.902,1.059,6.625,26.057,22.818
15/03/2014,9.046,2.599,25.639,0.587,6.165,27.301,22.551
15/04/2014,9.373,3.027,24.718,-0.079,6.086,27.974,21.389
15/05/2014,10.512,3.644,23.533,-0.586,7.334,27.895,20.179
15/06/2014,12.296,6.961,22.277,-1.314,9.52,27.558,19.085
15/07/2014,14.338,7.917,21.162,-1.7,12.218,26.659,18.29
15/08/2014,15.744,9.224,20.368,-1.761,14.716,25.868,17.733
15/09/2014,14.819,7.871,20.313,-1.781,14.586,25.615,17.634
15/10/2014,12.762,5.754,20.612,-1.783,11.728,25.895,18.143
15/11/2014,10.882,5.057,21.68,-1.554,9.11,26.109,19.074
15/12/2014,9.983,4.011,23.002,-0.566,7.263,26.048,20.458
15/01/2015,9.242,3.314,25.349,0.2,6.592,26.12,21.642
15/02/2015,9.193,2.815,25.816,1.068,6.366,26.614,22.762
15/03/2015,9.061,2.154,25.296,0.486,6.343,27.372,22.672
15/04/2015,9.427,2.47,24.667,-0.215,6.327,28.357,21.663
15/05/2015,10.527,3.038,23.602,-0.623,7.146,28.336,20.33
15/06/2015,11.786,4.749,22.444,-1.195,8.882,28.09,19.18
15/07/2015,13.096,6.476,21.151,-1.65,11.443,27.641,18.218
15/08/2015,13.846,7.353,20.267,-1.737,14.484,27.221,17.536
15/09/2015,13.658,6.757,20.232,-1.758,14.731,27.39,17.323
15/10/2015,12.724,5.681,20.766,-1.754,12.494,27.411,17.785
15/11/2015,11.243,4.235,21.756,-1.599,9.732,27.525,19.063
15/12/2015,10.231,3.678,23.524,-0.367,7.436,27.635,20.42
15/01/2016,9.375,3.193,24.645,0.301,5.923,28.016,21.737
15/02/2016,8.968,2.942,25.661,0.948,5.508,28.047,22.676
15/03/2016,9.078,2.767,25.522,0.561,5.095,28.659,22.681
15/04/2016,9.369,3.348,24.659,-0.025,5.455,28.471,21.802
15/05/2016,10.869,3.284,23.691,-0.602,6.386,27.749,20.031
15/06/2016,12.434,5.356,22.719,-1.077,8.473,27.076,18.884
15/07/2016,14.362,7.689,21.682,-1.488,12.112,26.037,18.036
15/08/2016,15.614,8.729,21.096,-1.662,14.866,25.143,17.542
15/09/2016,14.409,7.884,20.644,-1.741,14.464,25.342,17.589
15/10/2016,12.558,6.599,20.967,-1.756,11.476,25.061,18.228
15/11/2016,11.818,4.823,21.525,-1.182,8.223,25.183,18.968
15/12/2016,11.096,4.089,23.414,-0.428,6.932,25.2,20.178
15/01/2017,10.459,3.471,25.099,0.714,5.903,25.968,21.893
15/02/2017,9.955,3.303,25.483,1.349,5.664,27.057,23.163
15/03/2017,9.896,2.83,25.385,0.883,5.711,27.739,23.199
15/04/2017,10.508,2.872,24.646,0.202,5.848,28.287,21.891
15/05/2017,11.158,3.715,23.205,-0.537,6.872,27.756,20.5
15/06/2017,12.257,5.37,22.213,-1.041,8.495,26.76,19.299
15/07/2017,14.186,7.641,21.105,-1.582,11.493,26.033,18.331
15/08/2017,14.927,8.293,20.511,-1.707,13.915,25.169,17.842
15/09/2017,14.801,7.636,20.189,-1.674,13.338,24.618,17.724
15/10/2017,13.24,6.106,20.514,-1.589,11.363,24.671,17.993
15/11/2017,12.125,3.932,21.389,-1.104,9.663,24.544,19.094
15/12/2017,11.662,3.549,22.369,-0.934,7.68,24.598,20.562
15/01/2018,10.263,2.897,24.204,0.165,6.708,24.873,22.032
15/02/2018,10.01,2.481,25.028,1.148,6.279,25.98,22.925
15/03/2018,9.743,2.004,25.349,0.587,6.308,26.724,23.178
15/04/2018,9.868,2.814,24.689,-0.085,6.504,27.536,22.189
15/05/2018,10.203,3.402,23.071,-0.506,7.304,27.364,20.808
15/06/2018,12.058,4.993,22.098,-1.046,8.787,26.856,19.372
15/07/2018,14.108,7.196,21.135,-1.49,11.79,26.151,18.467
15/08/2018,14.765,8.206,20.505,-1.739,14.174,25.313,17.928
15/09/2018,14.42,6.768,20.324,-1.779,14.633,25.394,17.749
15/10/2018,13.152,5.121,20.711,-1.795,12.462,25.772,18.151
15/11/2018,11.409,4,21.637,-1.743,10.042,26.101,19.278
15/12/2018,10.558,3.854,23.291,-0.697,7.739,26.147,21.049
15/01/2019,10.224,3.189,25.175,0.253,6.546,26.288,22.378
15/02/2019,9.759,2.914,26.074,1.187,6.081,27.034,23.001
15/03/2019,9.72,2.794,26.114,0.691,5.939,27.864,22.504
15/04/2019,9.612,3.126,25.322,-0.05,6.099,28.353,21.389
15/05/2019,10.909,3.648,23.918,-0.62,7.368,27.978,20.219
15/06/2019,12.76,5.201,22.76,-1.227,9.23,27.136,18.986
15/07/2019,15.384,6.77,21.523,-1.611,12.15,26.05,18.112
15/08/2019,15.673,8.185,20.806,-1.776,14.882,25.531,17.588
15/09/2019,15.171,7.05,20.663,-1.798,14.469,25.147,17.575
15/10/2019,13.097,5.663,20.768,-1.787,12.423,25.201,18.02
15/11/2019,11.523,4.314,21.769,-1.756,10.083,25.665,18.933
15/12/2019,10.659,3.815,23.036,-0.691,7.995,25.501,20.178
15/01/2020,9.97,3.104,24.847,0.259,6.725,26.12,21.865
15/02/2020,9.524,2.777,25.273,1.217,6.324,26.698,23.006
15/03/2020,9.823,2.378,25.478,0.609,6.367,27.311,22.472
15/04/2020,9.992,2.278,24.935,-0.004,7.048,28.131,21.796
15/05/2020,11.126,2.568,23.851,-0.534,7.696,27.453,20.351
15/06/2020,12.476,5.035,22.668,-1.262,9.369,26.351,19.119
15/07/2020,14.182,6.598,21.381,-1.633,12.64,25.676,18.107
15/08/2020,15.32,7.459,20.777,-1.764,14.656,25.136,17.718
15/09/2020,14.972,6.06,20.385,-1.781,14.514,24.675,17.883
15/10/2020,13.391,4.854,20.606,-1.796,12.028,24.566,18.308
15/11/2020,11.278,3.86,21.525,-1.786,10.114,24.732,19.186
15/12/2020,10.404,3.218,22.932,-0.86,8.056,24.898,21.056
15/01/2021,10.141,2.445,24.209,0.054,6.613,25.214,22.639
15/02/2021,9.969,2.293,24.952,1.03,6.231,25.915,23.326
15/03/2021,9.797,2.218,25.322,0.624,6.006,26.858,22.734
15/04/2021,10.431,2.124,24.9,-0.072,6.512,27.216,21.998
15/05/2021,11.214,2.765,23.747,-0.732,7.547,27.037,20.572
15/06/2021,12.146,4.581,22.43,-1.386,9.228,26.669,19.225
15/07/2021,14.562,7.018,21.344,-1.722,11.95,25.831,18.542
15/08/2021,15.44,8.929,20.596,-1.767,14.757,25.18,17.931
15/09/2021,15.483,7.592,20.357,-1.794,14.534,25.079,18.082
15/10/2021,13.807,4.613,20.511,-1.8,12.038,24.908,18.773
15/11/2021,12.285,3.53,21.416,-1.744,9.446,24.728,19.72
15/12/2021,11.603,3.194,22.629,-0.768,8.049,24.492,21.035
15/01/2022,10.793,2.158,24.501,0.156,7.256,24.975,22.558
15/02/2022,10.275,2.011,25.777,1.069,6.975,25.778,23.206
15/03/2022,9.521,1.887,25.442,0.588,6.661,26.755,23.057
15/04/2022,10.408,2.442,24.718,-0.063,6.773,27.053,22.049
15/05/2022,11.518,3.21,23.434,-0.597,7.717,26.661,20.946
15/06/2022,12.87,4.934,22.261,-1.129,9.476,26.062,19.701
15/07/2022,14.978,6.405,21.059,-1.638,12.781,25.657,18.703
15/08/2022,16.75,6.849,20.417,-1.734,15.495,24.983,18.12
15/09/2022,16.637,6.67,20.243,-1.788,14.894,24.598,18.05
15/10/2022,14.61,4.693,20.598,-1.79,12.541,24.422,18.334
15/11/2022,11.87,3.701,21.855,-1.715,10.142,24.876,19.243
15/12/2022,11.127,3.613,22.957,-0.759,8.687,24.746,20.842
